from,subject,date,snippet,estado,relevante
applications@bairesdev.com,"BairesDev | Josue, activa tu ",2025-05-24 20:30:45+00:00,"<P>Hola Josue,</P> <P>Gracias por tu inter&eacute;s en unirte a BairesDev!</P> <P>Recibimos tu aplicaci&oacute;n a trav&eacute;s de LinkedIn y queremos invitarte a activar tu perfil de una manera s&uacute;per r&aacute;pida y f&aacute;cil.</P> <P>En solo 5 minutos podr&aacute;s completar este paso y no solo te consideraremos para la(s) vacante(s) a las que aplicaste, sino que tambi&eacute;n ampliaremos tu aplicacion a TODAS nuestras m&aacute;s de 400 oportunidades que coincidan con tus habilidade",Otro,True
LinkedIn <jobs-noreply@linkedin.com>,Tu solicitud para el puesto de Data Analyst en HCLTech,2025-05-25 17:13:41+00:00,Tu actualizaci√≥n de HCLTech ---------------------------------------- Este email est√° dirigido a Josue Alfredo Escobar Polanco (Estudiante en Universidad Aut√≥noma de Chihuahua) Averigua por qu√© incluimos esto: https://www.linkedin.com/help/linkedin/answer/4788?lang=es&lipi=urn%3Ali%3Apage%3Aemail_email_jobs_application_rejected_01%3B%2BC%2BISHIWQsm%2Bv%2BZLzXg0DQ%3D%3D&midToken=AQGiii_rdc7Yxw&midSig=0CuCTE9XyFBHM1&trk=eml-email_jobs_application_rejected_01-SecurityHelp-0-textfooterglimmer&trkEmai,Rechazo,True
"""Hey Banco"" <noreply@hola.hey.inc>","Josue, sobrevive al mundo post Universidad üéì",2025-05-24 19:19:36+00:00,"Lo √öltimo en Hey 24 de Mayo https://click.hola.hey.inc/?qs=11c6cde0c69d8029bc77bcc90f164ecf159884fb1852344cd3374231365e91e7a7db1dc870e67da7818450efed6cda886ebf522b77eab3d421aef8db965c8468 üéì‚û°Ô∏èüè¢ El salto de la universidad al mundo profesional marca el inicio de una nueva etapa llena de oportunidades. Con los h√°bitos financieros correctos, üìàüí° estrategias de inversi√≥n inteligentes y üè†üíª aprovechando las tendencias del trabajo remoto, puedes construir un futuro pr√≥spero desde el primer d√≠a. üëâ S√≠guenos",Otro,True
LinkedIn <jobs-noreply@linkedin.com>,"Josue Alfredo, se ha enviado tu solicitud a MindSource",2025-05-24 02:14:13+00:00,Se ha enviado tu solicitud a MindSource. Data Specialist MindSource M√©xico Ver anuncio de empleo: https://www.linkedin.com/comm/jobs/view/4229248433/?trackingId=XrbC3rizTuWHdGKd%2BDVmqw%3D%3D&refId=sfbUOgkpSlS%2Fr%2FwrQo3ZsQ%3D%3D&lipi=urn%3Ali%3Apage%3Aemail_email_application_confirmation_with_nba_01%3BGhQRJbJoRtCmBXOU9aH%2BSg%3D%3D&midToken=AQGiii_rdc7Yxw&midSig=2eplHeALG6zrM1&trk=eml-email_application_confirmation_with_nba_01-job_card-0-view_job&trkEmail=eml-email_application_confirmation_wit,Otro,True
margareth.almeida@indistaffingservices.com,Solicitud de trabajo recibida,2025-05-24 01:35:02+00:00,"<P>Hola Josue,</P> <P>Gracias por postularte a trav&eacute;s de LinkedIn. Les hemos enviado tu informaci&oacute;n a nuestros clientes para que se pongan en contacto contigo y puedan guiarte hacia los pr&oacute;ximos pasos de su proceso de selecci&oacute;n.</P> <P>Te deseamos todo lo mejor en tu b&uacute;squeda de empleo.</P> <P>Saludos cordiales,</P> <P>INDI Staffing Services Talent Team</P> <P>Esta respuesta se gener&oacute; de manera autom&aacute;tica. Por favor, no respondas a este correo.<BR",Otro,True
LinkedIn <jobs-noreply@linkedin.com>,"Josue Alfredo, se ha enviado tu solicitud a INDI Staffing Services",2025-05-23 03:37:32+00:00,Se ha enviado tu solicitud a INDI Staffing Services. Junior Python Developer - Remote INDI Staffing Services √Årea metropolitana de Quer√©taro Ver anuncio de empleo: https://www.linkedin.com/comm/jobs/view/4234499227/?trackingId=HMnK2XdhT%2BmzZjRnwAksig%3D%3D&refId=Q7485%2FowRruJr1CVraKPig%3D%3D&lipi=urn%3Ali%3Apage%3Aemail_email_application_confirmation_with_nba_01%3BzoLQVl0YRweLoNJrAeOKZw%3D%3D&midToken=AQGiii_rdc7Yxw&midSig=214LbKBbYVybM1&trk=eml-email_application_confirmation_with_nba_01-job_c,Otro,True
Danaher HR <danaher@myworkday.com>,Application Status Update,2025-05-22 07:53:09+00:00,"Hi Josue Alfredo ,We appreciate your interest in Beckman Coulter Life Sciences and the time you've invested in applying for the Junior Data Analyst - Remote position.We have cancelled the position, but we thank you for giving us the opportunity to learn about your skills and accomplishments.We will be advertising more positions in the coming months. We hope you‚Äôll keep us in mind and we encourage you to apply again. We wish you good luck with your job search and future professional endeavors.Bes",Otro,True
Terrascope <no-reply@hire.lever.co>,"Thanks for your interest in Terrascope, Josue",2025-05-22 03:04:56+00:00,"Hi Josue, Thank you for your application to Terrascope. After reviewing your work and experience, we've made the decision to not move forward at this time. I hope you don't mind if we reach out to you in the future when a position opens up that may be a good fit. We appreciate your interest in Terrascope and wish you success in your job search. Regards, Terrascope Recruiting Team",Otro,True
NielsenIQ Hiring Team <notifications@smartrecruiters.com>,Thanks for applying at NielsenIQ to ‚ÄãJr. Data Scientist (Hybrid)‚Äã,2025-05-21 22:33:09+00:00,"Dear Josue, I trust this message finds you well. I want to express our sincere gratitude for your application for the&nbsp;Jr. Data Scientist (Hybrid)&nbsp;position at NIQ. Your interest in joining our company has not gone unnoticed, and we appreciate the time and effort you dedicated to your application. After careful consideration, we have chosen to move forward with other candidates who possess more aligned work experience and skills for this particular position. We sincerely appreciate your ",Otro,True
NielsenIQ Hiring Team <notifications@smartrecruiters.com>,Thanks for applying at NielsenIQ to ‚ÄãJunior Data Scientist (Hybrid)‚Äã,2025-05-21 18:28:07+00:00,"Dear Josue, I trust this message finds you well. I want to express our sincere gratitude for your application for the&nbsp;Junior Data Scientist (Hybrid)&nbsp;position at NIQ. Your interest in joining our company has not gone unnoticed, and we appreciate the time and effort you dedicated to your application. After careful consideration, we have chosen to move forward with other candidates who possess more aligned work experience and skills for this particular position. We sincerely appreciate yo",Otro,True
Workable <noreply@candidates.workablemail.com>,Thanks for applying to icorp,2025-05-21 02:37:38+00:00,icorp ------------------------------------------------------------------------------- Your application for the Ingeniero Power BI - Remoto job was submitted successfully. Here's a copy of your application data for safekeeping. ------------------------------------------------------------------------------- ** PERSONAL INFORMATION ** Name: Josue Alfredo Escobar Polanco Email: josuee152@gmail.com Headline: General at Supercoldy Phone: +52 6142773926 ** PROFILE ** Education 2019 - 2024 Grado en Inge,Otro,True
no-reply@us.greenhouse-mail.io,Thank you for applying to Trackonomy,2025-05-20 15:59:15+00:00,"Josue, Thanks for applying to Trackonomy. Your application has been received and we will review it right away. If your application seems like a good fit for the role, one of our recruiters will be in touch within 3 days. Regards, Trackonomy ** Please note: Do not reply to this email. This email is sent from an unattended mailbox. Replies will not be read.",Aplicaci√≥n recibida,True
Elena Yakimova <elena.yakimova@improvado.io>,Re: Your Application to Junior Analyst at Improvado,2025-05-19 16:15:53+00:00,"Hi Josue, Thank you for submitting the homework. We'll be reviewing it, and I will get back to you with the next steps shortly. Best, Elena ·êß On Sat, May 17, 2025 at 8:49 PM Josue Escobar <josuee152@gmail.com> wrote: > Hello Elena, > > Thank you for considering my application for the Junior Analyst position > and for sharing the details of the next step. > I have reviewed the salary range and can confirm that it works for me. > > Please find attached my completed homework assignment, as requeste",Otro,True
Segula Technologies <notification@smartrecruiters.com>,Thank you for applying to Segula Technologies,2025-05-18 17:20:57+00:00,"Dear Josue Alfredo,Thank you for submitting your application for the position of Data Engineer. We will review your application and contact you shortly.Best regards,Segula Technologies Hiring Team Access My Application: https://eulink.smartrecruiters.com/c/eJxskEGr2zAQhH-NfXOQVpJXPugQmpgGSlva9NBTWEsrRw_bMrLzIP--pD32XYdvBubzeV5peV6CM0HDYJUMfmBpkcl44Tuj6-C0sGRqdhI1GmutwZpnStPntO25vMqtBZJttNKjQguAEUCjFP-463Nl9-n49XQ5Ha_n2_HX9dvtx_n7l9_13TGS4TYgCgmyIzEMHWE0WgMSRWXr5ECAEUZaiSAMHjrhZWui0kpjbJWqtNhmKnt",Aplicaci√≥n recibida,True
Solidigm <notification@smartrecruiters.com>,Thank you for your interest in Solidigm,2025-05-18 17:18:56+00:00,"‚ÄãDear Josue Alfredo,Thank you for submitting your interest for the position of Machine Learning Engineer. We will review your details and contact you shortly.Best regards,Solidigm&nbsp;Talent Acquisition‚Äã Access My Application: https://eulink.smartrecruiters.com/c/eJxskL1u2zAURp9G3GiQ9_JPAwejtlEDRVu07tDJoMhLh4ElCqQSwG9fJEW2zN85w3dindewPM7JG-EgRUiSJp1HmfVkzYRoWfJKuKAZeWmV1c5ZNIzmUO5fS99qe5cdBGlsltGidQA2Ayjl9H_u8ljJf9l_P5wP-8vxuv9z-XH9dfz57S978paURIl5FJpCJsguGSFRo7Umm4SseBCghZZOWum02SlMo5CkyelRpqw",Otro,True
Oracle Talent Acquisition <noreply@oracle.com>,We received your application,2025-05-18 04:13:09+00:00,"<table width=""425""> <tbody> <tr> <td style=""width: 413px;""> <table width=""412""> <tbody> <tr> <td style=""width: 400px;""><span style=""font-size:12px;color:5f5f5f;""> <span style=""font-family:Oracle Sans,helvetica,sans-serif;""> <img alt="""" src=""https://www.oracle.com/a/ocom/img/orc-header.jpg"" style=""display:block;margin: 0 auto;"" width=""450"" align=""middle""><br/><br/> Hi Josue,<br/><br/>Thank you for your interest in a career at Oracle! We appreciate you taking the time to submit your application fo",Otro,True
Oracle Talent Acquisition <noreply@oracle.com>,We received your application,2025-05-18 04:07:09+00:00,"<table width=""425""> <tbody> <tr> <td style=""width: 413px;""> <table width=""412""> <tbody> <tr> <td style=""width: 400px;""><span style=""font-size:12px;color:5f5f5f;""> <span style=""font-family:Oracle Sans,helvetica,sans-serif;""> <img alt="""" src=""https://www.oracle.com/a/ocom/img/orc-header.jpg"" style=""display:block;margin: 0 auto;"" width=""450"" align=""middle""><br/><br/> Hi Josue,<br/><br/>Thank you for your interest in a career at Oracle! We appreciate you taking the time to submit your application fo",Otro,True
Sequoia Connect <no-reply@sequoiaconnect.comeet-notifications.com>,We Got It: Thanks for applying for Analista de Datos Jr,2025-05-18 03:26:54+00:00,"Dear Josue,Thank you for submitting your application for the Analista de Datos Jr at Sequoia Connect. We appreciate your interest in joining our team and the effort you have taken to apply.We are currently in the process of reviewing your application thoroughly. We aim to provide you with a status update promptly and appreciate your patience during this time.Should you be exploring further career advancement in IT, we invite you to consider our IT Outplacement services, designed to support both ",Entrevista,True
NielsenIQ <notification@smartrecruiters.com>,Thank you for applying to ‚ÄãJr. Data Scientist (Hybrid)‚Äã at ‚ÄãNielsenIQ‚Äã,2025-05-18 03:15:55+00:00,"‚ÄãHi&nbsp;Josue, Good choice! We just received your application for our&nbsp;Jr. Data Scientist (Hybrid)&nbsp;role and we&#39;re happy that you want to join the team. We&#39;re definitely biased, but NielsenIQ is an awesome place to work. So now what? We&#39;ll take a look at your experience and qualifications and, if you meet the requirements, a member of our Talent Acquisition team will be in touch to discuss the next steps.&nbsp; If you want to make changes to your profile or check the status ",Aplicaci√≥n recibida,True
=?utf-8?B?UG9zdHVsYWNpw7NuIHbDrWEgSW5kZWVk?= <indeedapply@indeed.com>,Postulaci√≥n en Indeed: Jr. Data Scientist (Hybrid),2025-05-18 03:15:05+00:00,"Tu postulaci√≥n ha sido enviada. ¬°Buena suerte! Si encuentras alg√∫n error en tu postulaci√≥n, por favor contacta con Indeed <https://apply.indeed.com/indeedapply/confirmemail/contactus?iaUid=1irgl3tjl22q9001&apiToken=85722078cef7ba1c62a2546f02f0e6e95e9dc527172c3a1bf6efbc39884226fb> ------ Indeed - una b√∫squeda. todos los empleos. | Indeed Ireland Operations Limited, Block B, Capital Dock, 80 Sir John Rogerson's Quay, Grand Canal Dock, Dublin 2, D02 HE36, Ireland",Otro,True
=?utf-8?B?UG9zdHVsYWNpw7NuIHbDrWEgSW5kZWVk?= <indeedapply@indeed.com>,Postulaci√≥n en Indeed: Analista de Audience Intelligence,2025-05-18 03:14:43+00:00,"Tu postulaci√≥n ha sido enviada. ¬°Buena suerte! Si encuentras alg√∫n error en tu postulaci√≥n, por favor contacta con Indeed <https://apply.indeed.com/indeedapply/confirmemail/contactus?iaUid=1irgl3msog8v7801&apiToken=aa102235a5ccb18bd3668c0e14aa3ea7e2503cfac2a7a9bf3d6549899e125af4> ------ Indeed - una b√∫squeda. todos los empleos. | Indeed Ireland Operations Limited, Block B, Capital Dock, 80 Sir John Rogerson's Quay, Grand Canal Dock, Dublin 2, D02 HE36, Ireland",Otro,True
NielsenIQ <notification@smartrecruiters.com>,Thank you for applying to ‚ÄãJunior Data Scientist (Hybrid)‚Äã at ‚ÄãNielsenIQ‚Äã,2025-05-18 03:13:54+00:00,"‚ÄãHi&nbsp;Josue, Good choice! We just received your application for our&nbsp;Junior Data Scientist (Hybrid)&nbsp;role and we&#39;re happy that you want to join the team. We&#39;re definitely biased, but NielsenIQ is an awesome place to work. So now what? We&#39;ll take a look at your experience and qualifications and, if you meet the requirements, a member of our Talent Acquisition team will be in touch to discuss the next steps.&nbsp; If you want to make changes to your profile or check the stat",Aplicaci√≥n recibida,True
=?utf-8?B?UG9zdHVsYWNpw7NuIHbDrWEgSW5kZWVk?= <indeedapply@indeed.com>,Postulaci√≥n en Indeed: Analista de datos JR | Monitoreo de unidades de transporte,2025-05-18 03:13:51+00:00,"Tu postulaci√≥n ha sido enviada. ¬°Buena suerte! Si encuentras alg√∫n error en tu postulaci√≥n, por favor contacta con Indeed <https://apply.indeed.com/indeedapply/confirmemail/contactus?iaUid=1irgl3d8tg6ln801&apiToken=aa102235a5ccb18bd3668c0e14aa3ea7e2503cfac2a7a9bf3d6549899e125af4> ------ Indeed - una b√∫squeda. todos los empleos. | Indeed Ireland Operations Limited, Block B, Capital Dock, 80 Sir John Rogerson's Quay, Grand Canal Dock, Dublin 2, D02 HE36, Ireland",Otro,True
=?utf-8?B?UG9zdHVsYWNpw7NuIHbDrWEgSW5kZWVk?= <indeedapply@indeed.com>,Postulaci√≥n en Indeed: Junior Data Scientist (Hybrid),2025-05-18 03:13:50+00:00,"Tu postulaci√≥n ha sido enviada. ¬°Buena suerte! Si encuentras alg√∫n error en tu postulaci√≥n, por favor contacta con Indeed <https://apply.indeed.com/indeedapply/confirmemail/contactus?iaUid=1irgl34lug8v7804&apiToken=85722078cef7ba1c62a2546f02f0e6e95e9dc527172c3a1bf6efbc39884226fb> ------ Indeed - una b√∫squeda. todos los empleos. | Indeed Ireland Operations Limited, Block B, Capital Dock, 80 Sir John Rogerson's Quay, Grand Canal Dock, Dublin 2, D02 HE36, Ireland",Otro,True
=?utf-8?B?UG9zdHVsYWNpw7NuIHbDrWEgSW5kZWVk?= <indeedapply@indeed.com>,Postulaci√≥n en Indeed: Sr. Dashboard Data Analyst,2025-05-18 03:13:50+00:00,"Tu postulaci√≥n ha sido enviada. ¬°Buena suerte! Si encuentras alg√∫n error en tu postulaci√≥n, por favor contacta con Indeed <https://apply.indeed.com/indeedapply/confirmemail/contactus?iaUid=1irgl399hg6i6801&apiToken=aa102235a5ccb18bd3668c0e14aa3ea7e2503cfac2a7a9bf3d6549899e125af4> ------ Indeed - una b√∫squeda. todos los empleos. | Indeed Ireland Operations Limited, Block B, Capital Dock, 80 Sir John Rogerson's Quay, Grand Canal Dock, Dublin 2, D02 HE36, Ireland",Otro,True
=?utf-8?B?UG9zdHVsYWNpw7NuIHbDrWEgSW5kZWVk?= <indeedapply@indeed.com>,Postulaci√≥n en Indeed: Data Scientist (SQL),2025-05-18 03:12:49+00:00,"Tu postulaci√≥n ha sido enviada. ¬°Buena suerte! Si encuentras alg√∫n error en tu postulaci√≥n, por favor contacta con Indeed <https://apply.indeed.com/indeedapply/confirmemail/contactus?iaUid=1irgl2ve520qh001&apiToken=aa102235a5ccb18bd3668c0e14aa3ea7e2503cfac2a7a9bf3d6549899e125af4> ------ Indeed - una b√∫squeda. todos los empleos. | Indeed Ireland Operations Limited, Block B, Capital Dock, 80 Sir John Rogerson's Quay, Grand Canal Dock, Dublin 2, D02 HE36, Ireland",Otro,True
=?utf-8?B?UG9zdHVsYWNpw7NuIHbDrWEgSW5kZWVk?= <indeedapply@indeed.com>,Postulaci√≥n en Indeed: Analista de datos Jr.,2025-05-18 03:12:47+00:00,"Tu postulaci√≥n ha sido enviada. ¬°Buena suerte! Si encuentras alg√∫n error en tu postulaci√≥n, por favor contacta con Indeed <https://apply.indeed.com/indeedapply/confirmemail/contactus?iaUid=1irgl2jldg5ja801&apiToken=86b5420ce0a0043046905937b0069ebaefda578ff1c190d1b5cdf57b09b8dfc8> ------ Indeed - una b√∫squeda. todos los empleos. | Indeed Ireland Operations Limited, Block B, Capital Dock, 80 Sir John Rogerson's Quay, Grand Canal Dock, Dublin 2, D02 HE36, Ireland",Otro,True
"""GRUPO TRUPER"" <no-reply@pandape.com>","Mantente informado sobre tu candidatura para Analista de precios
 (Base de Datos)",2025-05-18 03:11:47+00:00,"<!doctype html><html style=""background-color:#fff!important""><head><meta http-equiv=""Content-Type"" content=""text/html; charset=utf-8""><meta name=""viewport"" content=""width=device-width""><!-- inject:css --><style>@media only screen and (max-width:580px){table.body img{width:auto!important;height:auto!important}table.body center{min-width:0!important}table.body .container{width:95%!important}table.body .column,table.body .columns{height:auto!important;-moz-box-sizing:border-box;-webkit-box-sizing:b",Otro,True
=?utf-8?B?UG9zdHVsYWNpw7NuIHbDrWEgSW5kZWVk?= <indeedapply@indeed.com>,Postulaci√≥n en Indeed: Analista de precios (Base de Datos),2025-05-18 03:11:45+00:00,"Tu postulaci√≥n ha sido enviada. ¬°Buena suerte! Si encuentras alg√∫n error en tu postulaci√≥n, por favor contacta con Indeed <https://apply.indeed.com/indeedapply/confirmemail/contactus?iaUid=1irgl2erdg8hk800&apiToken=86b5420ce0a0043046905937b0069ebaefda578ff1c190d1b5cdf57b09b8dfc8> ------ Indeed - una b√∫squeda. todos los empleos. | Indeed Ireland Operations Limited, Block B, Capital Dock, 80 Sir John Rogerson's Quay, Grand Canal Dock, Dublin 2, D02 HE36, Ireland",Otro,True
=?utf-8?B?UG9zdHVsYWNpw7NuIHbDrWEgSW5kZWVk?= <indeedapply@indeed.com>,Postulaci√≥n en Indeed: Ingeniero de Datos,2025-05-18 03:10:57+00:00,"Tu postulaci√≥n ha sido enviada. ¬°Buena suerte! Si encuentras alg√∫n error en tu postulaci√≥n, por favor contacta con Indeed <https://apply.indeed.com/indeedapply/confirmemail/contactus?iaUid=1irgl1o59g8uj801&apiToken=aa102235a5ccb18bd3668c0e14aa3ea7e2503cfac2a7a9bf3d6549899e125af4> ------ Indeed - una b√∫squeda. todos los empleos. | Indeed Ireland Operations Limited, Block B, Capital Dock, 80 Sir John Rogerson's Quay, Grand Canal Dock, Dublin 2, D02 HE36, Ireland",Otro,True
=?utf-8?B?UG9zdHVsYWNpw7NuIHbDrWEgSW5kZWVk?= <indeedapply@indeed.com>,Postulaci√≥n en Indeed: Analista de Datos Junior (Limpieza de Datos) - KOR,2025-05-18 03:10:23+00:00,"Tu postulaci√≥n ha sido enviada. ¬°Buena suerte! Si encuentras alg√∫n error en tu postulaci√≥n, por favor contacta con Indeed <https://apply.indeed.com/indeedapply/confirmemail/contactus?iaUid=1irgl14kogc6p801&apiToken=906c6ab58bd6dd23fa5ec002a84b7793e94c66e344cef13647c5a279c0277492> ------ Indeed - una b√∫squeda. todos los empleos. | Indeed Ireland Operations Limited, Block B, Capital Dock, 80 Sir John Rogerson's Quay, Grand Canal Dock, Dublin 2, D02 HE36, Ireland",Otro,True
=?utf-8?B?UG9zdHVsYWNpw7NuIHbDrWEgSW5kZWVk?= <indeedapply@indeed.com>,Postulaci√≥n en Indeed: Analista de Datos,2025-05-18 03:02:47+00:00,"Tu postulaci√≥n ha sido enviada. ¬°Buena suerte! Si encuentras alg√∫n error en tu postulaci√≥n, por favor contacta con Indeed <https://apply.indeed.com/indeedapply/confirmemail/contactus?iaUid=1irgktmafg6ln801&apiToken=aa102235a5ccb18bd3668c0e14aa3ea7e2503cfac2a7a9bf3d6549899e125af4> ------ Indeed - una b√∫squeda. todos los empleos. | Indeed Ireland Operations Limited, Block B, Capital Dock, 80 Sir John Rogerson's Quay, Grand Canal Dock, Dublin 2, D02 HE36, Ireland",Otro,True
Elena Yakimova <elena.yakimova@improvado.io>,Your Application to Junior Analyst at Improvado,2025-05-16 21:26:53+00:00,"Hi Josue, Thank you for applying for the Junior Analyst position. As a first step in our selection process, we ask you to complete a brief homework task to move forward to the interview stage. The task description is attached to this email. Please also note that the salary range for this role is *$700‚Äì$1,000 USD gross per month*. If that works for you, feel free to proceed with the task. We wish you the best of luck and look forward to reviewing your answer. Kind regards, Elena Yakimova Talent A",Entrevista,True
insulet@myworkday.com,"Software Test Trainee  (Remote/Flexible) - Insulet - Status of your
 application",2025-05-16 04:38:14+00:00,"Dear JOSUE Alfredo, Thank you for taking the time to submit your application.After careful consideration, we have decided to move forward with other candidates whose qualifications more closely match our current needs. This was not an easy decision, as we received many strong applications, including yours.We would encourage you to continue to review available career opportunities with us as our global business continues to grow and strengthen.Thank you again for your interest in Insulet and we w",Otro,True
GE Vernova Workday Notifications <gevernova@myworkday.com>,"GE Vernova Job Application Update: R5009899 Backend Software
 Engineer (Python) (Open)",2025-05-11 04:40:39+00:00,"Hi Josue , Thank you for applying to our Backend Software Engineer (Python) role. We appreciate your patience.Unfortunately, our team did not select you for this role. Competition for jobs at GE Vernova is strong and we often make difficult choices between many great candidates.We would like to encourage you to keep an eye out for other opportunities at GE Vernova that interest you. We encourage you to join our Talent Community to receive up-to-the-minute job openings tailored just for you by cl",Rechazo,True
"""Jobgether Talent Team"" <shortlist@jobgether.com>",Follow-up on your application to Junior IT Automation Engineer,2025-05-10 09:31:33+00:00,"Hello there, Thanks again for applying to **Junior IT Automation Engineer**. Our system calculated a **match score of 69%** for your profile. ‚ö†Ô∏è Please note: This score is for information only. It does not mean you have been approved or rejected for the role. If your application is moving forward, we‚Äôll get back to you within 48 hours. If you don‚Äôt hear from us, it means you were not selected. üëâ To view a detailed breakdown of this score, including what matches and what doesn‚Äôt, we invite you to",Entrevista,True
Citi Human Resources <citi@myworkday.com>,Thank you for considering Citi!,2025-05-10 07:23:08+00:00,"Dear josue, Thank you for your interest in the role of BANAMEX Data Analitycs & Scientis Jr.-25855700. We want to let you know that we unfortunately will not be moving forward with your application for this particular role. While this position might not have been right for you, there could be another opportunity for you to join our team listed in our Careers Site . So, when you have some time, we encourage you to take a look and submit an application if you see something that takes your interest",Rechazo,True
Fusemachines <recruiting+359738102-75127a63@applytojob.com>,Fusemachines Application Update,2025-05-09 23:10:28+00:00,"<p><span style=""font-size:12px;""><span style=""font-variant:normal;white-space:pre-wrap;""><span style=""font-family:Arial;""><span style=""color:#000000;""><span style=""font-weight:400;""><span style=""font-style:normal;""><span style=""text-decoration:none;"">Hi Josue Alfredo,</span></span></span></span></span></span></span></p><p><span style=""font-size:12px;""><span style=""font-variant:normal;white-space:pre-wrap;""><span style=""font-family:Arial;""><span style=""color:#000000;""><span style=""font-weight:400",Otro,True
"""Jobgether Talent Team"" <shortlist@jobgether.com>",Next Steps for Your Job Application: Junior IT Automation Engineer at Jobgether,2025-05-09 09:31:03+00:00,"Hello there, Thank you for applying to Junior IT Automation Engineer. Your application is now under review. ###**What Happens Next?** - **AI-Powered Screening:** Our AI reviews your CV and LinkedIn profile to assess your fit for the role. Every experience and skill is carefully analyzed to ensure a fair and unbiased evaluation. - **Shortlist Selection:** We automatically select the 5 best-matching candidates based on alignment with the job description. If needed, our team may conduct a manual re",Aplicaci√≥n recibida,True
Braintrust <donotreply@usebraintrust.com>,üîî,2025-05-08 17:54:52+00:00,"Braintrust Hey Josue, We wanted to keep you in the loop and make sure you never miss a beat on the topics that matter to you. Here are the latest updates from Career Help and your Spaces. Kien Tran (https://u4683470.ct.sendgrid.net/ls/click?upn=u001.7fRMHT2F4lhm69-2BA8eu72C002BXCN0ux-2Boz6JG9z6gJFpU-2BJGKk8V7msW68Xt-2BSmp-2Fq7H47B-2B06Ro8hn3txpBg-3D-3DrrlF_eYV5g1hqgcv4b3Alj-2F6l1kBYNwRT5CWHETmTIxek73qSgHu9k-2FJuht-2FLzdM0Tv0KUY6fLlq7hlSOZJ6f72-2FEygXLiafo7ScaBbSU9p6zp6axjtQq2HhI6AuxD8ygBppAPgrqP",Otro,True
no-reply@g-p.com,Notification regarding your application with G-P,2025-05-08 17:13:05+00:00,"Hi josue, Thank you for your application to the Data Analyst role at G-P. After careful consideration of a large number of high-quality candidates, we regret to inform you that we will not be moving forward with your application at this time. We sincerely appreciate the effort you put into your application, and we were truly impressed with your qualifications. We encourage you to consider applying to G-P again in the future. Thanks again for your interest in G-P, and best of luck in your search!",Otro,True
=?utf-8?B?UG9zdHVsYWNpw7NuIHbDrWEgSW5kZWVk?= <indeedapply@indeed.com>,Postulaci√≥n en Indeed: Estructurador de Datos,2025-05-08 13:42:44+00:00,"Tu postulaci√≥n ha sido enviada. ¬°Buena suerte! Si encuentras alg√∫n error en tu postulaci√≥n, por favor contacta con Indeed <https://apply.indeed.com/indeedapply/confirmemail/contactus?iaUid=1iqo21tpjgfbm801&apiToken=aa102235a5ccb18bd3668c0e14aa3ea7e2503cfac2a7a9bf3d6549899e125af4> ------ Indeed - una b√∫squeda. todos los empleos. | Indeed Ireland Operations Limited, Block B, Capital Dock, 80 Sir John Rogerson's Quay, Grand Canal Dock, Dublin 2, D02 HE36, Ireland",Otro,True
"""Grupo ViZion "" <no-reply@pandape.com>",Mantente informado sobre tu candidatura para Analista de Datos,2025-05-08 13:41:05+00:00,"<!doctype html><html style=""background-color:#fff!important""><head><meta http-equiv=""Content-Type"" content=""text/html; charset=utf-8""><meta name=""viewport"" content=""width=device-width""><!-- inject:css --><style>@media only screen and (max-width:580px){table.body img{width:auto!important;height:auto!important}table.body center{min-width:0!important}table.body .container{width:95%!important}table.body .column,table.body .columns{height:auto!important;-moz-box-sizing:border-box;-webkit-box-sizing:b",Otro,True
=?utf-8?B?UG9zdHVsYWNpw7NuIHbDrWEgSW5kZWVk?= <indeedapply@indeed.com>,Postulaci√≥n en Indeed: Analista de Datos,2025-05-08 13:40:59+00:00,"Tu postulaci√≥n ha sido enviada. ¬°Buena suerte! Si encuentras alg√∫n error en tu postulaci√≥n, por favor contacta con Indeed <https://apply.indeed.com/indeedapply/confirmemail/contactus?iaUid=1iqo1vhqlgfa1802&apiToken=86b5420ce0a0043046905937b0069ebaefda578ff1c190d1b5cdf57b09b8dfc8> ------ Indeed - una b√∫squeda. todos los empleos. | Indeed Ireland Operations Limited, Block B, Capital Dock, 80 Sir John Rogerson's Quay, Grand Canal Dock, Dublin 2, D02 HE36, Ireland",Otro,True
no-reply@telusinternational.ai,Your Registration Status,2025-05-08 09:53:57+00:00,"Dear josue, Thank you for you for taking the time to register for the Online Data Analyst Mexico opportunity with TELUS International. We appreciate your interest in joining our AI Community. After careful consideration, we regret to inform you that you were not successful on this occasion and therefore we will not be proceeding further with your registration for the role. Please note that due to the large volume of applications we receive, we are unable to provide individual feedback at this st",Otro,True
"""Alejandro Aguilar, Alegra"" <alejandro.aguilar@alegra.na.teamtailor-mail.com>",Pr√≥ximo paso para ser Junior Data Analyst (Collection) en Alegra üåü,2025-05-08 01:17:40+00:00,"Hola, Josue üëã ¬°Gracias por postularte a Alegra! Hemos recibido tu perfil e informaci√≥n. Para completar tu postulaci√≥n, necesitamos que realices un breve video de presentaci√≥n y respondas algunas preguntas por escrito. üé•‚úçÔ∏è Adjunto a este correo encontrar√°s las instrucciones detalladas para esta actividad. Una vez que recibamos y revisemos tu video y respuestas, evaluaremos tu candidatura de forma integral. Si avanzas en el proceso, nos pondremos en contacto contigo para la siguiente fase; de lo c",Otro,True
"""Alejandro Aguilar, Alegra"" <alejandro.aguilar@alegra.na.teamtailor-mail.com>",Hemos recibido tu aplicaci√≥n üöÄ,2025-05-08 01:02:27+00:00,"¬°Hola, Josue! üëã Hemos recibido tu perfil e informaci√≥n. En Alegra estamos emocionados de revisar cada solicitud que nos llega. A diario muchos candidatos incre√≠bles se postulan ü§©, ¬°y nos comprometemos a dar respuesta a todos! Nos tomamos el tiempo de revisar uno a uno con detenimiento ‚úç, pero ten la certeza de que recibir√°s respuesta ü§ù. Ahora, como siguiente paso en nuestro proceso de selecci√≥n, vamos a revisar tu perfil y en caso de que hagas fit con la posici√≥n buscada, te contactaremos para l",Otro,True
no-reply@us.greenhouse-mail.io,Your Application With Toshiba Global Commerce Solutions - Internship Toshiba,2025-05-07 14:42:24+00:00,"Thank you for your application and interest in Toshiba Global Commerce Solutions. We appreciate the time you took to share your qualifications with us. Selecting the best suited candidate is difficult and the current search is no exception. We have decided to pursue other candidates who more closely meet the job requirements. We encourage you to continue to search our website for the right opportunity and apply to those positions where you have interest and meet the qualifications. Again, thank ",Otro,True
"""Rebrandly"" <noreply@rebrandly.com>",NEW: AI-generated link previews,2025-05-07 07:10:05+00:00,"[Image ""Rebrandly+ai+generated+link+previews.png?expires=1759300074&amp;signature=678bffe973701df428f2961babcca60f6bd4f9a71e442a8332bf22e20e1737b7&amp;req=dSUmF8x9nYJcXvMW2XS%2FibyXVz2n%2B7Q4ry1Wu%2B9uXcuzOAe8F4g%3D%0A""] ‚Äã Hi Josue, ‚Äã We're excited to introduce a powerful new feature to your Rebrandly dashboard: AI-generated content for link previews! ‚Äã What are link previews? When your links are shared on social media, messaging apps, or other platforms, they display as preview cards with image",Otro,True
no-reply@telusinternational.ai,Important Update: Next Steps for the Online Data Analyst Role,2025-05-07 05:07:59+00:00,"<p><img alt=""TELUS Digital Logo"" src=""https://jobs.telusdigital.com/_cms/11/image/logoHeader/1?version=32586251.png"" /></p> <p>Dear Candidate,</p> <p>Thank you for your continued interest in the <strong>Online Data Analyst</strong> Role! We're excited to inform you that your application is currently undergoing its final review. If your application meets our criteria, you'll soon move on to the next stage: the <strong>Testing Phase</strong>. </p> <h3><strong>What‚Äôs next?</strong></h3> <p>If your ",Otro,True
ITJ Talent <talent@itj.com>,üì¢#TechTalkAlertüì¢ Soft Skills: Think sharper. Speak clearer. Solve smarter.,2025-05-06 18:44:29+00:00,"https://shorturl.at/4GJLp Technical skills get you started‚Äîbut soft skills move you forward. With this TechTalk you‚Äôll discover why mastering communication, professionalism, and adaptability can turn you into the kind of developer teams trust, leaders notice, and companies want to keep. https://shorturl.at/4GJLp One hour, big impact‚Äî you will unlock the tools that tech leaders look for, power up your path in tech! Speakers‚Äô Bio: Alfredo Flores is a Software Engineer with deep expertise in authen",Otro,True
Codecademy <learn@itr.mail.codecademy.com>,May newsletter: Maintain your momentum,2025-05-06 13:52:49+00:00,"Check out new courses, community events, and learning tips from leaders. Õè Õè Õè Õè Õè Õè Õè Õè Õè Õè Õè Õè Õè Õè Õè Õè Õè Õè Õè Õè Õè Õè Õè Õè Õè Õè Õè Õè Õè Õè Õè Õè Õè Õè Õè Õè Õè Õè Õè Õè Õè Õè Õè Õè Õè Õè Õè Õè Õè Õè Õè Õè Õè Õè Õè Õè Õè Õè Õè Õè Õè Õè Õè Õè Õè Õè Õè Õè Õè Õè Õè Õè Õè Õè Õè Õè Õè Õè Õè Õè Õè Õè Õè Õè Õè Õè Õè Õè Õè Õè Õè Õè Õè Õè Õè Õè Õè Õè Õè Õè Õè Õè Õè Õè Õè Õè Õè Õè Õè Õè Õè Õè Õè Õè Õè Õè Õè Õè Õè Õè Õè Õè Õè Õè Õè Õè Õè Õè Õè Õè Õè Õè Õè Õè Õè Õè Õè Õè Õè Õè Õè Õè Õè Õè Õè Õè Õè Õè Õè Õè Õè Õè Õè Õè Õè Õè Õè Õè Õè Õè Õè Õè Õè Õè Õè Õè Õè Õè Õè Õè Õè Õè Õè Õè Õè Õè Õè Õè Õè Õè May 2025 Build momentum in your career When you continue building y",Otro,True
no-reply@us.greenhouse-mail.io,"Thanks for your interest in Study.com, josue",2025-05-06 13:15:14+00:00,"Hi josue, Thank you for your interest in Study.com. We received a large, qualified applicant pool for this position. While your background and accomplishments are impressive, they do not match our needs at this time. We wish you the best in your search and continued success in your career. Thank you, Study.com Talent Acquisition Team",Otro,True
careers@sezzle.com,Sezzle Application Update,2025-05-06 11:00:04+00:00,"Dear Josue Escobar Polanco Thank you for your interest in the at Sezzle and for taking the time to apply. We would like to inform you that your application has been carefully reviewed. We have decided to place your application on hold for the moment. We may reach out to revisit your application in the future based on the needs of our team. The time and effort you‚Äôve invested in the process so far is truly appreciated, and we will keep you updated should there be any changes regarding your applic",Otro,True
dikshapareek@google.com,Following up on your recent application to Google,2025-05-05 13:32:14+00:00,"Google Careers logo Thanks for applying with us Hi Josue, Thank you for applying to the Software Engineering Intern, 2025 - Mexico City role. We carefully reviewed your background and experience, and decided not to proceed with your application at this time. Although this role didn't work out, we may contact you if we come across another opening that we think could interest you and may be a good match for your skills and experience. Thanks again for your interest in opportunities at Google! Best",Aplicaci√≥n recibida,True
no-reply@g-p.com,Thank you for applying to G-P,2025-05-04 23:26:04+00:00,"Hi josue, Thank you for your interest in G-P! We received your application for Data Analyst and are delighted that you are interested in joining our team. The next step is for our recruitment team to review your application to learn more about your qualifications for the position. Due to the high level of interest that we receive for our remote opportunities, this might take some time and unfortunately means we won‚Äôt get to meet everyone. We will reach out to you directly if we decide to move fo",Rechazo,True
no-reply@us.greenhouse-mail.io,Thank You for Applying to Data Scientist | Study.com,2025-05-04 23:25:04+00:00,"Hi josue, Thanks for applying to Data Scientist at Study.com. Your application has been received and we will review it right away. If your application seems like a good fit for the position we will contact you soon. Thank you, Study.com Talent Acquisition Team ** Please note: Do not reply to this email. This email is sent from an unattended mailbox. Replies will not be read.",Aplicaci√≥n recibida,True
Workable <noreply@candidates.workablemail.com>,Thanks for applying to ALTEN M√âXICO,2025-05-04 23:22:38+00:00,"ALTEN M√âXICO ------------------------------------------------------------------------------- Your application for the (1056) Data analyst and coordination Jr/MId job was submitted successfully. Here's a copy of your application data for safekeeping. ------------------------------------------------------------------------------- ** PERSONAL INFORMATION ** Name: Josue Escobar Email: josuee152@gmail.com Headline: Intern at Teleflex Phone: +526142773926 Address: residencial leones indianpolis 605, a",Otro,True
careers@sezzle.com,Thank you for applying! | Sezzle,2025-05-04 23:16:06+00:00,"Dear Josue, Thank you for expressing your interest in the Data Analyst (Talent Pool) position at Sezzle. We appreciate your application and the opportunity to consider you for a role within our team. At Sezzle, we place great importance on transparency in our hiring process. We believe in giving all candidates a clear understanding of the steps involved in our selection process. To ensure a fair and comprehensive evaluation, we utilize various assessments and tests as part of our initial screeni",Aplicaci√≥n recibida,True
Workable <noreply@candidates.workablemail.com>,Thanks for applying to Jobgether,2025-05-04 23:10:06+00:00,"Jobgether ------------------------------------------------------------------------------- Your application for the Junior IT Automation Engineer job was submitted successfully. Here's a copy of your application data for safekeeping. ------------------------------------------------------------------------------- ** PERSONAL INFORMATION ** Name: Josue Escobar Polanco Email: josuee152@gmail.com Headline: Incoming Quality at Teleflex Phone: +52 6142773926 Address: Chihuahua, Mexico ** PROFILE ** Edu",Otro,True
Workable <noreply@candidates.workablemail.com>,Thanks for applying to Tiger Analytics,2025-05-04 23:08:40+00:00,Tiger Analytics ------------------------------------------------------------------------------- Your application for the Data Scientist job was submitted successfully. Here's a copy of your application data for safekeeping. ------------------------------------------------------------------------------- ** PERSONAL INFORMATION ** Name: Josue Escobar Email: josuee152@gmail.com Phone: +52 6142773926 ** PROFILE ** Resume: resume.pdf Withdraw this application https://tiger-analytics.workable.com/jobs,Otro,True
Roche <opportunities@careeralerts.roche.com>,Almost there! Complete your application with just a few clicks.,2025-05-03 06:00:59+00:00,"Doing now what patients need nextHi Josue,We noticed you started your application for the Intern in Data Analysis but didn't quite finish it. We'd like to encourage you to finish your application.It's easy! Click the button below to go right to where you left off!&nbsp;We look forward to reviewing your application.<td align=""center"" style='margin:0px; background-color: #ffffff; border-radius: 0px '><a style='display:inline-block; text-decoration: none; color:inherit; padding-top:5px;color:#0b41c",Otro,True
GitHub <noreply@github.com>,"[GitHub] A third-party OAuth application has been added to your
 account",2025-05-02 18:56:31+00:00,"Hey sue-btis! A third-party OAuth application (JetBrains IDE Integration) with gist, read:org, repo, and workflow scopes was recently authorized to access your account. Visit https://github.com/settings/connections/applications/58566862bd2a5ff748fb for more information. To see this and other security events for your account, visit https://github.com/settings/security-log If you run into problems, please contact support by visiting https://github.com/contact Thanks, The GitHub Team",Otro,True
Citi Human Resources <citi@myworkday.com>,Thank you for your interest in Citi!,2025-05-01 23:11:29+00:00,"Dear josue, Thank you for taking the time to apply for the role of BANAMEX Data Analitycs & Scientis Jr.-25855700. We look forward to finding out more about you, learning what you can bring to the team, and seeing what we can do to help you make progress in your career. Once we review your application, if we feel you are a good fit for this role, we‚Äôll reach out to you with information about next steps. Thanks again for your interest in building your career with Citi. Best regards, Citi Global T",Otro,True
Improvado <no-reply@hire.lever.co>,Thank you for your application to Improvado,2025-05-01 23:04:16+00:00,"<div>Hi Josue,</div> <div>&nbsp;</div> <div>Thank you for your interest in Improvado! We wanted to let you know we received your application for Junior Analyst, and we are delighted that you would consider joining our team.</div> <div>&nbsp;</div> <div>Our team will review your application and will be in touch if your qualifications match our needs for the role. If you are not selected for this position, keep an eye on our jobs page as we're growing and adding openings.</div> <div>&nbsp;</div> <",Rechazo,True
Workday <zillow@myworkday.com>,Thank you for your application!,2025-05-01 23:01:51+00:00,Thank you for your interest in Zillow! We have received your application for Data Scientist . Our Recruiting Team will review your application and will reach out if there is a match. This email was intended for josuee152@gmail.com,Otro,True
Talenteca <reclutadores-gk1ency0to0mnqrdapft121@talenteca.com>,"RECLUTAMIENTO EN ACCION CORPORATIVA S.A.S. DE C.V. recibi√≥ tu postulaci√≥n para ""Analista Junior""",2025-05-01 22:50:31+00:00,"Este mensaje es para Josu√© Alfredo Escobar Polanco, si no eres t√∫ desactiva esta cuenta un clic, miles de empleos Hola Josu√© Alfredo Escobar Polanco, RECLUTAMIENTO EN ACCION CORPORATIVA S.A.S. DE C.V. recibi√≥ tu informaci√≥n para la posici√≥n ""Analista Junior"", publicada en nuestra bolsa de empleo talenteca.com. Encuentra miles de empleos en Talenteca BUSCAR EMPLEOS Suerte en tu b√∫squeda, Talentino Auxiliar de Reclutamiento Talenteca Nota: Talenteca recomienda no realizar NING√öN pago en relaci√≥n a",Otro,True
Talenteca <no-reply@talenteca.com>,245185 es tu c√≥digo de Talenteca,2025-05-01 22:49:19+00:00,"Hola Josu√© Alfredo Escobar Polanco,Aqu√≠ tienes tu c√≥digo secreto, por favor introd√∫celo en Talenteca para poder continuar con tu postulaci√≥n:245185o, puedes continuar con tu postulaci√≥n siguiendo este enlace.Si no deseas continuar, simplemente ignora este mensajeSuerte en tu b√∫squeda,TalentinoAuxiliar de ReclutamientoTalentecaPol√≠tica de privacidadCondicionesAdministrar tu cuentaEliminar cuentaCentro de ayudaCancelar la suscripci√≥n¬© 2025 Talenteca",Otro,True
GE Vernova Workday Notifications <gevernova@myworkday.com>,Thank you for Applying,2025-05-01 22:47:37+00:00,"Hi Josue , Thank you for taking the time to apply for Backend Software Engineer (Python) . So, what happens now? We will review your profile against the qualifications for this opportunity, which may take some time. We give each application the same careful consideration yours is receiving right now, and rest assured: you‚Äôll hear from us!What can you do in the meantime? At any time, you may log back into your profile and check the status of your submission by creating a Candidate Home account an",Aplicaci√≥n recibida,True
"""Indeed"" <no-reply@indeed.com>",Confirm your interest in a quick message to INGENIERIA Y EQUIPOS DE CONTROL SA DE CV,2025-05-01 20:37:21+00:00,"<!DOCTYPE html PUBLIC ""-//W3C//DTD XHTML 1.0 Transitional//EN"" ""http://www.w3.org/TR/xhtml1/DTD/xhtml1-transitional.dtd""> <html xmlns=""http://www.w3.org/1999/xhtml"" xmlns:v=""urn:schemas-microsoft-com:vml"" xmlns:o=""urn:schemas-microsoft-com:office:office"" lang=""es"" xml:lang=""es""> <head> <meta http-equiv=""Content-Type"" content=""text/html; charset=utf-8"" /> <!--[if !mso]><!--> <meta http-equiv=""X-UA-Compatible"" content=""IE=edge"" /> <!--<![endif]--> <meta name=""viewport"" content=""width=device-width,",Otro,True
Braintrust <donotreply@usebraintrust.com>,üîî,2025-05-01 17:41:26+00:00,"Braintrust Hey Josue, We wanted to keep you in the loop and make sure you never miss a beat on the topics that matter to you. Here are the latest updates from Career Help and your Spaces. Tomer Amitai (https://u4683470.ct.sendgrid.net/ls/click?upn=u001.7fRMHT2F4lhm69-2BA8eu72C002BXCN0ux-2Boz6JG9z6gKIhCNopKt6bFRR-2F9wpYvdz228UW8xUvJ4GpogMxQhCVQ-3D-3Dya0J_eYV5g1hqgcv4b3Alj-2F6l1kBYNwRT5CWHETmTIxek73qSgHu9k-2FJuht-2FLzdM0Tv0KbpKDL2Q1ISNHZVc-2BW3cIDvOPtm5mekKFdwX1hLpMEwzHL0qs8ANCcP1AguOg4dIbcRdbjF-2",Otro,True
Resideo Careers <Recruiting@resideo.com>,Your recent job application for Firmware Engineer I - 16010,2025-05-01 00:13:14+00:00,"<img src=""https://www.resideo.com/us/en/corporate/~/media/Resideo/Corporate/Logos/Resideo_Logo_RGB_Blk_150x40"">&nbsp; <div> <br/> </div> <div> Hello, Josue,<br/><br/>We received your job application for Firmware Engineer I - 16010. If your profile corresponds to our requirements, a member of our Recruiting team will contact you.<br/><br/>If you were requested to provide additional info about your job application, or if you want to manage your profile, go to your <a href=""https://ehtl.fa.us6.orac",Otro,True
Resideo Careers <Recruiting@resideo.com>,Confirm your identity for job Firmware Engineer I - 16010,2025-05-01 00:12:53+00:00,"<div> <img src=""https://www.resideo.com/us/en/corporate/~/media/Resideo/Corporate/Logos/Resideo_Logo_RGB_Blk_150x40"">&nbsp; </div> <div> <br/> </div> <div> Hello, Josue, </div><br/>We need you to confirm your identity so that your job application is considered for the job Firmware Engineer I - 16010.<br/><br/>Confirm your identity using this code: 479130.<br/><br/>The code expires in 10 minutes.<br/><br/>If you want to manage your profile and application, go to your <a href=""https://ehtl.fa.us6.",Otro,True
"""roadmap.sh"" <roadmap@email.roadmap.sh>","Introducing AI Tutor, Java roadmap, and more!",2025-04-30 23:39:23+00:00,"Hello there üëã Kamran here from roadmap.sh [http://roadmap.sh/?utm_source=newsletter&utm_medium=email&utm_campaign=roadmap+update] with another monthly update. It‚Äôs been a busy month, and I‚Äôm excited to share what we‚Äôve been working on! Read on to learn more. JAVA ROADMAP We‚Äôve completely recreated the Java roadmap [https://roadmap.sh/java?utm_source=newsletter&utm_medium=email&utm_campaign=roadmap+update] to make it more structured, easier to follow, and aligned with modern development practices",Otro,True
GitHub <noreply@github.com>,"[GitHub] A third-party GitHub Application has been added to your
 account",2025-04-30 21:26:33+00:00,"Hey sue-btis! A third-party GitHub Application (GitGuardian) with the following permissions: - View your email addresses Was recently authorized to access your account. Visit https://github.com/settings/connections/applications/Iv1.ec3c001966b4cc5a for more information. To see this and other security events for your account, visit https://github.com/settings/security-log If you run into problems, please contact support by visiting https://github.com/contact Thanks, The GitHub Team",Otro,True
AutoZone Recruiter <noreply@invalidemail.com>,"INTERN - IT General Services-250002VV at AutoZone.com, Inc.",2025-04-30 02:12:41+00:00,"JOSUE ESCOBAR ESCOBAR: We have received your application for the position of INTERN - IT General Services-250002VV and are currently reviewing your experience and qualifications. If you would like to review your candidate file, click here. If your profile corresponds to our requirements, a member of our HR Department will contact you soon. We thank you for your interest. Best regards, Human Resources Department AutoZone.com, Inc. Replies to this message are undeliverable and will not reach the H",Otro,True
AutoZone Recruiter <noreply@invalidemail.com>,"INTERN - BUSINESS ANALYSIS -250001KB at AutoZone.com, Inc.",2025-04-30 02:09:50+00:00,"JOSUE ESCOBAR ESCOBAR: We have received your application for the position of INTERN - BUSINESS ANALYSIS -250001KB and are currently reviewing your experience and qualifications. If you would like to review your candidate file, click here. If your profile corresponds to our requirements, a member of our HR Department will contact you soon. We thank you for your interest. Best regards, Human Resources Department AutoZone.com, Inc. Replies to this message are undeliverable and will not reach the Hu",Otro,True
no-reply@us.greenhouse-mail.io,Thank you for applying to Wizeline,2025-04-29 21:46:06+00:00,"Hello Josue Alfredo, Thank you for your interest in joining the Wizeline team. We have received your information regarding the Data Scientist. In the following 72 hours, we will review your profile and if you are a match with the skills and experience that we currently need, one of our Talent Ambassadors will contact you to arrange a Phone Screen. We wish you the best of luck, and we're looking forward to the next stages of your process. Feel free to reach out with any questions. Sincerely, The ",Aplicaci√≥n recibida,True
no_reply@shift-technology.com,Thank you for applying to Shift Technology,2025-04-29 21:43:11+00:00,"Hi Josue Alfredo, Thank you for your interest in Shift Technology! We received your application and our Talent Acquisition team will review your credentials against the requirements for the position. We will reach out to you should we be interested in learning more about your experience and how it may contribute to our team, mission and culture. Follow us on LinkedIn ( https://www.linkedin.com/company/shift-technology ), learn more about our products ( https://www.shift-technology.com/ ), or che",Aplicaci√≥n recibida,True
Terrascope <no-reply@hire.lever.co>,Thank you for your application to Terrascope,2025-04-29 21:09:18+00:00,"<div>Hi Josue,</div> <div>&nbsp;</div> <div>Thank you for your interest in Terrascope! We wanted to let you know we received your application for Carbon Data Analyst (Spanish speaking), and we are delighted that you would consider joining our team.</div> <div>&nbsp;</div> <div>Our team will review your application and will be in touch if your qualifications match our needs for the role. If you are not selected for this position, keep an eye on our jobs page as we're growing and adding openings.<",Rechazo,True
no-reply@us.greenhouse-mail.io,Thank you for applying to Udemy,2025-04-29 21:04:04+00:00,"Udemy Udemy ( https://www.udemy.com/ ) josue, Thanks for applying to Udemy. Your application has been received and we will review it right away. If your application seems like a good fit for the position we will contact you soon. Regards, Udemy ** Please note: Do not reply to this email. This email is sent from an unattended mailbox. Replies will not be read.",Aplicaci√≥n recibida,True
=?utf-8?B?UG9zdHVsYWNpw7NuIHbDrWEgSW5kZWVk?= <indeedapply@indeed.com>,Postulaci√≥n en Indeed: Convocatoria para Pr√°cticas Profesionales en Ingenier√≠a de Software,2025-04-29 20:51:35+00:00,"Tu postulaci√≥n ha sido enviada. ¬°Buena suerte! Si encuentras alg√∫n error en tu postulaci√≥n, por favor contacta con Indeed <https://apply.indeed.com/indeedapply/confirmemail/contactus?iaUid=1iq1kiffqg1j8801&apiToken=aa102235a5ccb18bd3668c0e14aa3ea7e2503cfac2a7a9bf3d6549899e125af4> ------ Indeed - una b√∫squeda. todos los empleos. | Indeed Ireland Operations Limited, Block B, Capital Dock, 80 Sir John Rogerson's Quay, Grand Canal Dock, Dublin 2, D02 HE36, Ireland",Otro,True
=?utf-8?B?UG9zdHVsYWNpw7NuIHbDrWEgSW5kZWVk?= <indeedapply@indeed.com>,Postulaci√≥n en Indeed: Analista de Datos,2025-04-29 20:51:16+00:00,"Tu postulaci√≥n ha sido enviada. ¬°Buena suerte! Si encuentras alg√∫n error en tu postulaci√≥n, por favor contacta con Indeed <https://apply.indeed.com/indeedapply/confirmemail/contactus?iaUid=1iq1kisq0g1i5800&apiToken=aa102235a5ccb18bd3668c0e14aa3ea7e2503cfac2a7a9bf3d6549899e125af4> ------ Indeed - una b√∫squeda. todos los empleos. | Indeed Ireland Operations Limited, Block B, Capital Dock, 80 Sir John Rogerson's Quay, Grand Canal Dock, Dublin 2, D02 HE36, Ireland",Otro,True
=?utf-8?B?UG9zdHVsYWNpw7NuIHbDrWEgSW5kZWVk?= <indeedapply@indeed.com>,Postulaci√≥n en Indeed: Ingeniero en programaci√≥n,2025-04-29 20:37:21+00:00,"Tu postulaci√≥n ha sido enviada. ¬°Buena suerte! Si encuentras alg√∫n error en tu postulaci√≥n, por favor contacta con Indeed <https://apply.indeed.com/indeedapply/confirmemail/contactus?iaUid=1iq1j9j5i22pd001&apiToken=aa102235a5ccb18bd3668c0e14aa3ea7e2503cfac2a7a9bf3d6549899e125af4> ------ Indeed - una b√∫squeda. todos los empleos. | Indeed Ireland Operations Limited, Block B, Capital Dock, 80 Sir John Rogerson's Quay, Grand Canal Dock, Dublin 2, D02 HE36, Ireland",Otro,True
Siemens Talent Acquisition <talentacquisition.hr@siemens.com>,An update on your recent Siemens application,2025-04-28 22:29:57+00:00,"Hi Josue, Thank you for taking the time to apply for the role of Low-Code Application Developer (456115) with us. On this occasion, we decided to move forward with other candidates. Due to the volume of applications that we receive, we are unable to provide individual feedback, but we thank you for considering Siemens and hope you will continue to explore our career opportunities. New opportunities to transform the everyday with Siemens arise every day, so please don't let this stop you from app",Otro,True
Emily Keller <ekeller@yelp.com>,Thank you from Yelp,2025-04-28 22:10:37+00:00,"Hi Josue, Thank you for considering opportunities at Yelp and applying to the Entry Level Data Backend Engineer (Remote - Mexico) position. We know there are a lot of companies to choose from. We've been fortunate to have many talented and qualified candidates reach out to join our team. At this time, we've decided to continue the interview process with other candidates. We'll keep your application on hand and also encourage you to reach out to us again in the future. Good luck with your job hun",Entrevista,True
LinkedIn <jobalerts-noreply@linkedin.com>,"Hemos desactivado tu alerta de empleo sobre Chihuahua, Chihuahua, M√©xico",2025-04-28 00:05:49+00:00,"Ya no recibes actualizaciones de la alerta de empleo en Chihuahua, Chihuahua, M√©xico. Hemos desactivado esta alerta de empleo porque llevas m√°s de tres meses sin consultarla. Puedes volver a activarla si quieres seguir recibiendo avisos sobre nuevos anuncios de empleo. Seguir con la alerta activada:https://www.linkedin.com/comm/jobs/search?keywords=&distance=25&geoId=101989614&f_TPR=a1745705149-&sortBy=R&origin=JOB_ALERT_DELETION_CONFIRMATION_EMAIL&lipi=urn%3Ali%3Apage%3Aemail_email_job_alert_de",Otro,True
Braintrust <donotreply@usebraintrust.com>,üîî,2025-04-24 18:15:28+00:00,"Braintrust Hey Josue, We wanted to keep you in the loop and make sure you never miss a beat on the topics that matter to you. Here are the latest updates from Career Help and your Spaces. Gitanjali Bulankulame (https://u4683470.ct.sendgrid.net/ls/click?upn=u001.7fRMHT2F4lhm69-2BA8eu72C002BXCN0ux-2Boz6JG9z6gJpnj-2BswYjy3CMtWmnJFfqpcsvcXU2GpSHJHxJLKWT3Vg-3D-3DTSv2_eYV5g1hqgcv4b3Alj-2F6l1kBYNwRT5CWHETmTIxek73qSgHu9k-2FJuht-2FLzdM0Tv0KRTUCapmjIByJRdc5Lm4xdVqhkw0l3CpIvJaxBNdnS44PtQe6f22eInW7EJHBKL1be",Otro,True
ITJ Talent <talent@itj.com>,TechTalkAlertüì¢ Last Spots Left: The Science Behind Transformers (LLMs),2025-04-24 16:22:52+00:00,"https://bit.ly/4jxNofA Want to decode the future of AI? Dive into this TechTalk and discover how Transformers drive Large Language Models, powering everything from intuitive chatbots to the tech of tomorrow. Step inside the architecture behind the future of language! https://bit.ly/4jxNofA Speakers‚Äô Bio: Steven Cole is a Biomedical Engineer with expertise in Machine Learning, Deep Learning, and Automation Testing. He‚Äôs worked on AI projects, including Alzheimer‚Äôs detection, and has experience in",Otro,True
"Emerson Human Resources
 <hdjq.fa.sender@workflow.mail.us2.cloud.oracle.com>",New job opportunities at Emerson Career Site,2025-04-24 07:21:28+00:00,"<style> /* Client-specific Styles */ div.im {color: #ff00 !important;} #outlook a {padding:0;} /* Force Outlook to provide a &quot;view in browser&quot; menu link. */ body{width:100% !important; -webkit-text-size-adjust:100%; -ms-text-size-adjust:100%; margin:0; padding:0;} /* Prevent Webkit and Windows Mobile platforms from changing default font sizes, while not breaking desktop design. */ .ExternalClass {width:100%;} /* Force Hotmail to display emails at full width */ .ExternalClass, .External",Otro,True
Siemens Talent Acquisition <talentacquisition.hr@siemens.com>,"Follow your application status, Josue",2025-04-24 00:20:37+00:00,"Hi Josue, Thank you for your interest in our Low-Code Application Developer (456115) position. We're currently reviewing resumes with our hiring manager and will notify you once we have an update. You can also follow your progress within your Siemens account, or find and apply for more opportunities to change the future with Siemens. [1] Log in Good luck! Siemens Talent Team [2] [3] [4] [5] References Visible links 1. https://siemens.avature.net/ltrk/eyJ0eXAiOiJKV1QiLCJhbGciOiJIUzI1NiJ9.eyJpZCI6",Otro,True
Victaulic Recruiting Team <no-reply@jobvite.com>,PLANNER VICTAULIC,2025-04-23 18:30:49+00:00,"Dear Josue,Thank you for submitting your resume in consideration for the Planner. We are fortunate to have many qualified candidates apply to each of our positions. We have reviewed the qualifications of each candidate, and, after careful consideration, we have determined the credentials of other candidates may better fit our needs at this time.In the event other appropriate opportunities develop, we will contact you. Please accept our best wishes. We appreciate your interest in Victaulic.Sincer",Otro,True
=?UTF-8?B?TGlua2VkSW4=?= <linkedin@e.linkedin.com>,"Josue Alfredo, mira qui√©n m√°s ha solicitado el empleo para Software Engineer Intern",2025-04-23 15:07:22+00:00,"<!DOCTYPE html PUBLIC ""-//W3C//DTD XHTML 1.0 Strict//EN"" ""http://www.w3.org/TR/xhtml1/DTD/xhtml1-strict.dtd""> <html lang=""en"" style=""width: 100%;"" xml:lang=""en"" xmlns=""http://www.w3.org/1999/xhtml"" xmlns:o=""urn:schemas-microsoft-com:office:office"" xmlns:v=""urn:schemas-microsoft-com:vml""> <head> <meta content=""text/html; charset=utf-8"" http-equiv=""Content-Type"" /> <meta content=""width=device-width; initial-scale=1.0; maximum-scale=1.0; user-scalable=no;"" name=""viewport"" /> <meta content=""width=de",Otro,True
"""Yelp, Inc. @ icims"" <yelp+autoreply@talent.icims.com>","Thank you for applying at Yelp, Inc.",2025-04-23 05:51:31+00:00,"Dear Josue, Thank you very much for your recent application to the Entry Level Software Engineer - Application Security (Remote - Mexico) position at Yelp, Inc.. Your submission will be reviewed by our recruiting staff, and we may reach out to you for more information if we determine that your background meets our staffing needs. Thank you again for your interest in our company. Sincerely, Yelp, Inc. This is an automated email response. Please do not reply. **************************************",Aplicaci√≥n recibida,True
"""Workday @ Intel Notification"" <intel@myworkday.com>",Thank you for your interest in Intel ‚Äì update on the status of your job application,2025-04-23 00:22:39+00:00,"Dear JOSUE ALFREDO ,Thank you for your interest in Intel. We received your application, or you were recommended, to the following position: Position: Software Intern Job Number: JR0274125 Application Date: 2025 Apr 09 We have reviewed your application and, unfortunately, we have decided to move forward with another applicant for this position.Stay connected with us. If you have not already done so, we encourage you to join our Talent Network and continue applying forpositions that interest you a",Rechazo,True
"""Yelp, Inc. @ icims"" <yelp+autoreply@talent.icims.com>","Thank you for applying at Yelp, Inc.",2025-04-23 00:00:46+00:00,"Dear Josue, Thank you very much for your recent application to the Entry Level Data Backend Engineer (Remote - Mexico) position at Yelp, Inc.. Your submission will be reviewed by our recruiting staff, and we may reach out to you for more information if we determine that your background meets our staffing needs. Thank you again for your interest in our company. Sincerely, Yelp, Inc. This is an automated email response. Please do not reply. ************************************************** This m",Aplicaci√≥n recibida,True
Jabil@myworkday.com,Thank you for your recent application with Jabil,2025-04-22 20:56:00+00:00,"<!doctype html><html lang=en xmlns=""http://www.w3.org/1999/xhtml"" xmlns:v=""urn:schemas-microsoft-com:vml"" xmlns:o=""urn:schemas-microsoft-com:office:office""><head><title></title><!--[if !mso]><!-- --><meta http-equiv=""X-UA-Compatible"" content=""IE=edge""><!--<![endif]--><meta http-equiv=""Content-Type"" content=""text/html; charset=UTF-8""><meta name=""viewport"" content=""width=device-width, initial-scale=1""><style type=""text/css""> #outlook a { padding:0; } body { margin:0;padding:0;-webkit-text-size-adj",Otro,True
Insulet Talent Acquisition <insulet@myworkday.com>,REQ-2025-0045¬†- Test Coordination Trainee  (Remote/Flexible)- Insulet Video Call -- Action Required,2025-04-22 16:33:25+00:00,"HelloThank you for your interest with Insulet. I am interested in setting up a brief phone conversation with you to better understand your skills, experience, and interests.During the call, I will also be able to provide additional insights into the role and answer any initial questions you might have.Please use this link to schedule a call: Reservar tiempo con Raquel Aguilar Alvarez: Insulet 30 minute Interview-Teams Meeting Feel free to visit our website to learn more about Insulet.Check this ",Entrevista,True
Channel Factory <noreply@candidates.workablemail.com>,Mexico Jr Data Analyst - Data & Analytics - Channel Factory,2025-04-21 23:15:47+00:00,"------------------------------------------------------------------------------- Hello Josue, Thank you for your interest in the Mexico Jr Data Analyst - Data &amp; Analytics role. We have reviewed your application and we regret to inform you that it has not been selected for further consideration. We wish you every success with your job search and thank you for your interest in our company. best regards, Channel Factory ----------------------------------------------------------------------------",Otro,True
Factorial <info@reply.factorial.co>,Thank you for your application,2025-04-21 06:09:10+00:00,"Divelement Web Services Hi Josue, Thank you very much for applying for the position Data Scientist at Divelement Web Services. We appreciate you taking the time to apply. We are currently in the process of taking applications. If you are selected for the next phase, we will be in contact with you. Thank you again for the time you invested in your application. Regards Copyright 2025 Factorial. All rights reserved",Otro,True
Workable <noreply@candidates.workablemail.com>,Thanks for applying to Channel Factory,2025-04-20 23:05:58+00:00,"Channel Factory ------------------------------------------------------------------------------- Your application for the Mexico Jr Data Analyst - Data & Analytics job was submitted successfully. Here's a copy of your application data for safekeeping. ------------------------------------------------------------------------------- ** PERSONAL INFORMATION ** Name: Josue Escobar Email: josuee152@gmail.com Headline: Quality Engineer Intern at Teleflex Phone: +526142773926 Address: Chihuahua, M√©xico A",Otro,True
Danaher HR <danaher@myworkday.com>,Application Received,2025-04-20 19:56:34+00:00,"Hi Josue Alfredo , Thank you for applying to the Junior Data Analyst - Remote position at Beckman Coulter Life Sciences . We appreciate your interest. We will follow up if your background and professional achievements are a potential fit for this position. Best regards, Beckman Coulter Life Sciences Talent Acquisition This email was intended for josuee152@gmail.com",Aplicaci√≥n recibida,True
LinkedIn <messages-noreply@linkedin.com>,"Josue Alfredo, sigue a Sandra Luna - Senior Recruiter at Stryker
 Communications en Stryker",2025-04-18 18:05:42+00:00,"Josue Alfredo, a√±ade contenido interesante a tu feed. Estas son algunas recomendaciones para empezar. https://www.linkedin.com/comm/mynetwork/discovery-see-all/?usecase=EMAIL_MIXED_RECOMMENDATIONS&lipi=urn%3Ali%3Apage%3Aemail_email_edge_discover_01%3BSCwDb1W0SK6EC2CFL0bKTQ%3D%3D&midToken=AQGiii_rdc7Yxw&midSig=23gl96c-iZNHI1&trk=eml-email_edge_discover_01-see_all-0-cta~text&trkEmail=eml-email_edge_discover_01-see_all-0-cta~text-null-fwwgqt~m9n3o3mk~ti-null-null&eid=fwwgqt-m9n3o3mk-ti&otpToken=MWI",Otro,True
"""Workday@xylem.com"" <xylem@myworkday.com>","Thank you for your interest in Xylem! Your application has been
 received.",2025-04-17 23:26:58+00:00,"<!doctype html><html lang=en xmlns=""http://www.w3.org/1999/xhtml"" xmlns:v=""urn:schemas-microsoft-com:vml"" xmlns:o=""urn:schemas-microsoft-com:office:office""><head><title></title><!--[if !mso]><!-- --><meta http-equiv=""X-UA-Compatible"" content=""IE=edge""><!--<![endif]--><meta http-equiv=""Content-Type"" content=""text/html; charset=UTF-8""><meta name=""viewport"" content=""width=device-width, initial-scale=1""><style type=""text/css""> #outlook a { padding:0; } body { margin:0;padding:0;-webkit-text-size-adj",Otro,True
Vana <no-reply@hire.lever.co>,Thank you for your application to Vana,2025-04-17 23:15:14+00:00,"<p>Hola {{Nombre del solicitante}},</p> <p>&iexcl;Gracias por tu inter&eacute;s en {{Empresa}}! Quer&iacute;amos informarte que hemos recibido tu solicitud para {{T√≠tulo del puesto}}, y nos complace que consideres unirte a nuestro equipo.</p> <p>Nuestro equipo revisar&aacute; tu solicitud y se pondr&aacute; en contacto contigo si tus calificaciones coinciden con nuestras necesidades para el puesto. Si no eres seleccionado para esta posici&oacute;n, te invitamos a que est&eacute;s atento a nuestr",Otro,True
Braintrust <donotreply@usebraintrust.com>,üîî,2025-04-17 17:43:40+00:00,"Braintrust Hey Josue, We wanted to keep you in the loop and make sure you never miss a beat on the topics that matter to you. Here are the latest updates from Career Help and your Spaces. Mohammad AL-Khateeb (https://u4683470.ct.sendgrid.net/ls/click?upn=u001.7fRMHT2F4lhm69-2BA8eu72C002BXCN0ux-2Boz6JG9z6gI1L-2FX4kJDM8dALqp7tioxPMX9Hl4OlMW8PsTZwcxPoSA-3D-3DKvuo_eYV5g1hqgcv4b3Alj-2F6l1kBYNwRT5CWHETmTIxek73qSgHu9k-2FJuht-2FLzdM0Tv0KeRGiZOFPcFMhqjEMoPgpS55bT5jRFz20zmXZv5JQMobqQMaNFuqP9iHNp7kNuhYRRET",Otro,True
Bluelight Consulting <no-reply@hire.lever.co>,Thank you for your application to Bluelight Consulting,2025-04-17 17:34:58+00:00,"<div>Hi Josue,</div><div><br></div><div>Thank you for your interest in Bluelight Consulting! We wanted to let you know we received your application for C# / DotNet Developer with React experience - Remote, Latin America, and we are delighted that you would consider joining our team.</div><div><br></div><div>Our team will review your application and will be in touch if your qualifications match our needs for the role. If you are not selected for this position, keep an eye on our jobs page as we'r",Rechazo,True
=?utf-8?B?UG9zdHVsYWNpw7NuIHbDrWEgSW5kZWVk?= <indeedapply@indeed.com>,Postulaci√≥n en Indeed: Cient√≠fico de Datos,2025-04-17 17:33:10+00:00,"Tu postulaci√≥n ha sido enviada. ¬°Buena suerte! Si encuentras alg√∫n error en tu postulaci√≥n, por favor contacta con Indeed <https://apply.indeed.com/indeedapply/confirmemail/contactus?iaUid=1ip27o9tjg0j6801&apiToken=aa102235a5ccb18bd3668c0e14aa3ea7e2503cfac2a7a9bf3d6549899e125af4> ------ Indeed - una b√∫squeda. todos los empleos. | Indeed Ireland Operations Limited, Block B, Capital Dock, 80 Sir John Rogerson's Quay, Grand Canal Dock, Dublin 2, D02 HE36, Ireland",Otro,True
=?utf-8?B?UG9zdHVsYWNpw7NuIHbDrWEgSW5kZWVk?= <indeedapply@indeed.com>,Postulaci√≥n en Indeed: Ingeniero de Sistemas N1,2025-04-17 17:32:33+00:00,"Tu postulaci√≥n ha sido enviada. ¬°Buena suerte! Si encuentras alg√∫n error en tu postulaci√≥n, por favor contacta con Indeed <https://apply.indeed.com/indeedapply/confirmemail/contactus?iaUid=1ip27ms9egdlp801&apiToken=aa102235a5ccb18bd3668c0e14aa3ea7e2503cfac2a7a9bf3d6549899e125af4> ------ Indeed - una b√∫squeda. todos los empleos. | Indeed Ireland Operations Limited, Block B, Capital Dock, 80 Sir John Rogerson's Quay, Grand Canal Dock, Dublin 2, D02 HE36, Ireland",Otro,True
=?utf-8?B?UG9zdHVsYWNpw7NuIHbDrWEgSW5kZWVk?= <indeedapply@indeed.com>,Postulaci√≥n en Indeed: Desarrollador de Software Home Office,2025-04-17 17:31:30+00:00,"Tu postulaci√≥n ha sido enviada. ¬°Buena suerte! Si encuentras alg√∫n error en tu postulaci√≥n, por favor contacta con Indeed <https://apply.indeed.com/indeedapply/confirmemail/contactus?iaUid=1ip27l1jng0h5800&apiToken=aa102235a5ccb18bd3668c0e14aa3ea7e2503cfac2a7a9bf3d6549899e125af4> ------ Indeed - una b√∫squeda. todos los empleos. | Indeed Ireland Operations Limited, Block B, Capital Dock, 80 Sir John Rogerson's Quay, Grand Canal Dock, Dublin 2, D02 HE36, Ireland",Otro,True
"""Grupo Salinas"" <no-reply@pandape.com>",Mantente informado sobre tu candidatura para Ingeniero en administraci√≥n de red,2025-04-17 17:30:25+00:00,"<!doctype html><html style=""background-color:#fff!important""><head><meta http-equiv=""Content-Type"" content=""text/html; charset=utf-8""><meta name=""viewport"" content=""width=device-width""><!-- inject:css --><style>@media only screen and (max-width:580px){table.body img{width:auto!important;height:auto!important}table.body center{min-width:0!important}table.body .container{width:95%!important}table.body .column,table.body .columns{height:auto!important;-moz-box-sizing:border-box;-webkit-box-sizing:b",Otro,True
"""Grupo ViZion "" <no-reply@pandape.com>",Mantente informado sobre tu candidatura para Analista de Datos,2025-04-17 17:30:37+00:00,"<!doctype html><html style=""background-color:#fff!important""><head><meta http-equiv=""Content-Type"" content=""text/html; charset=utf-8""><meta name=""viewport"" content=""width=device-width""><!-- inject:css --><style>@media only screen and (max-width:580px){table.body img{width:auto!important;height:auto!important}table.body center{min-width:0!important}table.body .container{width:95%!important}table.body .column,table.body .columns{height:auto!important;-moz-box-sizing:border-box;-webkit-box-sizing:b",Otro,True
=?utf-8?B?UG9zdHVsYWNpw7NuIHbDrWEgSW5kZWVk?= <indeedapply@indeed.com>,Postulaci√≥n en Indeed: Analista de Datos,2025-04-17 17:30:31+00:00,"Tu postulaci√≥n ha sido enviada. ¬°Buena suerte! Si encuentras alg√∫n error en tu postulaci√≥n, por favor contacta con Indeed <https://apply.indeed.com/indeedapply/confirmemail/contactus?iaUid=1ip27k4a3gdlp801&apiToken=86b5420ce0a0043046905937b0069ebaefda578ff1c190d1b5cdf57b09b8dfc8> ------ Indeed - una b√∫squeda. todos los empleos. | Indeed Ireland Operations Limited, Block B, Capital Dock, 80 Sir John Rogerson's Quay, Grand Canal Dock, Dublin 2, D02 HE36, Ireland",Otro,True
=?utf-8?Q?Glory_Global_Solutions_M=C3=A9xico?= <no-reply@pandape.com>,"Mantente informado sobre tu candidatura para Reci√©n egresado/a Mecatr√≥nica, Electr√≥nica o Inform√°tica",2025-04-17 17:30:07+00:00,"<!doctype html><html style=""background-color:#fff!important""><head><meta http-equiv=""Content-Type"" content=""text/html; charset=utf-8""><meta name=""viewport"" content=""width=device-width""><!-- inject:css --><style>@media only screen and (max-width:580px){table.body img{width:auto!important;height:auto!important}table.body center{min-width:0!important}table.body .container{width:95%!important}table.body .column,table.body .columns{height:auto!important;-moz-box-sizing:border-box;-webkit-box-sizing:b",Otro,True
=?utf-8?B?UG9zdHVsYWNpw7NuIHbDrWEgSW5kZWVk?= <indeedapply@indeed.com>,Postulaci√≥n en Indeed: Ingeniero en administraci√≥n de red,2025-04-17 17:30:18+00:00,"Tu postulaci√≥n ha sido enviada. ¬°Buena suerte! Si encuentras alg√∫n error en tu postulaci√≥n, por favor contacta con Indeed <https://apply.indeed.com/indeedapply/confirmemail/contactus?iaUid=1ip27jlimgllt801&apiToken=86b5420ce0a0043046905937b0069ebaefda578ff1c190d1b5cdf57b09b8dfc8> ------ Indeed - una b√∫squeda. todos los empleos. | Indeed Ireland Operations Limited, Block B, Capital Dock, 80 Sir John Rogerson's Quay, Grand Canal Dock, Dublin 2, D02 HE36, Ireland",Otro,True
=?utf-8?B?UG9zdHVsYWNpw7NuIHbDrWEgSW5kZWVk?= <indeedapply@indeed.com>,"Postulaci√≥n en Indeed: Reci√©n egresado/a Mecatr√≥nica, Electr√≥nica o Inform√°tica",2025-04-17 17:29:59+00:00,"Tu postulaci√≥n ha sido enviada. ¬°Buena suerte! Si encuentras alg√∫n error en tu postulaci√≥n, por favor contacta con Indeed <https://apply.indeed.com/indeedapply/confirmemail/contactus?iaUid=1ip27gms52065001&apiToken=86b5420ce0a0043046905937b0069ebaefda578ff1c190d1b5cdf57b09b8dfc8> ------ Indeed - una b√∫squeda. todos los empleos. | Indeed Ireland Operations Limited, Block B, Capital Dock, 80 Sir John Rogerson's Quay, Grand Canal Dock, Dublin 2, D02 HE36, Ireland",Otro,True
=?utf-8?B?UG9zdHVsYWNpw7NuIHbDrWEgSW5kZWVk?= <indeedapply@indeed.com>,Postulaci√≥n en Indeed: Programador Analista,2025-04-17 17:25:47+00:00,"Tu postulaci√≥n ha sido enviada. ¬°Buena suerte! Si encuentras alg√∫n error en tu postulaci√≥n, por favor contacta con Indeed <https://apply.indeed.com/indeedapply/confirmemail/contactus?iaUid=1ip27g29mg0gi800&apiToken=aa102235a5ccb18bd3668c0e14aa3ea7e2503cfac2a7a9bf3d6549899e125af4> ------ Indeed - una b√∫squeda. todos los empleos. | Indeed Ireland Operations Limited, Block B, Capital Dock, 80 Sir John Rogerson's Quay, Grand Canal Dock, Dublin 2, D02 HE36, Ireland",Otro,True
=?utf-8?B?UG9zdHVsYWNpw7NuIHbDrWEgSW5kZWVk?= <indeedapply@indeed.com>,Postulaci√≥n en Indeed: Desarrollador Jr,2025-04-17 17:25:10+00:00,"Tu postulaci√≥n ha sido enviada. ¬°Buena suerte! Si encuentras alg√∫n error en tu postulaci√≥n, por favor contacta con Indeed <https://apply.indeed.com/indeedapply/confirmemail/contactus?iaUid=1ip27f31dg2n7800&apiToken=aa102235a5ccb18bd3668c0e14aa3ea7e2503cfac2a7a9bf3d6549899e125af4> ------ Indeed - una b√∫squeda. todos los empleos. | Indeed Ireland Operations Limited, Block B, Capital Dock, 80 Sir John Rogerson's Quay, Grand Canal Dock, Dublin 2, D02 HE36, Ireland",Otro,True
=?utf-8?B?UG9zdHVsYWNpw7NuIHbDrWEgSW5kZWVk?= <indeedapply@indeed.com>,Postulaci√≥n en Indeed: Practiante de IT,2025-04-17 17:24:26+00:00,"Tu postulaci√≥n ha sido enviada. ¬°Buena suerte! Si encuentras alg√∫n error en tu postulaci√≥n, por favor contacta con Indeed <https://apply.indeed.com/indeedapply/confirmemail/contactus?iaUid=1ip27eoaeg0u8802&apiToken=aa102235a5ccb18bd3668c0e14aa3ea7e2503cfac2a7a9bf3d6549899e125af4> ------ Indeed - una b√∫squeda. todos los empleos. | Indeed Ireland Operations Limited, Block B, Capital Dock, 80 Sir John Rogerson's Quay, Grand Canal Dock, Dublin 2, D02 HE36, Ireland",Otro,True
Marcelo Ricigliano <marcelo@4geeksacademy.com>,üöÄ Desbloquea tu Carrera So√±ada - ¬°√önete a Beyond the Resume!,2025-04-17 16:14:01+00:00,"Breakthrough Profesional ‚Üí ¬°Tu Transformaci√≥n Comienza Ahora!Hola Josue Escobar Prep√°rate para revolucionar tu futuro profesional con Beyond the Resume - el proyecto de desarrollo profesional que transformar√° por completo tu b√∫squeda de empleo. Hemos creado un espacio exclusivo dise√±ado para brindarte ABSOLUTAMENTE TODO lo que necesitas para conquistar el trabajo de tus sue√±os. Tu transformaci√≥n profesional comienza ahora, ¬°y lo mejor es que Unirte es completamente GRATIS! * Hemos descodificado ",Otro,True
AutoZone Recruiter <noreply@invalidemail.com>,"ASSOCIATE SYSTEMS ENGINEER - IT QE-250002HR at AutoZone.com, Inc.",2025-04-17 15:52:14+00:00,"JOSUE ESCOBAR ESCOBAR: We have received your application for the position of ASSOCIATE SYSTEMS ENGINEER - IT QE-250002HR and are currently reviewing your experience and qualifications. If you would like to review your candidate file, click here. If your profile corresponds to our requirements, a member of our HR Department will contact you soon. We thank you for your interest. Best regards, Human Resources Department AutoZone.com, Inc. Replies to this message are undeliverable and will not reach",Otro,True
AutoZone Recruiter <noreply@invalidemail.com>,"Associate Programmer - ALLDATA-2500025U at AutoZone.com, Inc.",2025-04-17 15:50:29+00:00,"JOSUE ESCOBAR ESCOBAR: We have received your application for the position of Associate Programmer - ALLDATA-2500025U and are currently reviewing your experience and qualifications. If you would like to review your candidate file, click here. If your profile corresponds to our requirements, a member of our HR Department will contact you soon. We thank you for your interest. Best regards, Human Resources Department AutoZone.com, Inc. Replies to this message are undeliverable and will not reach the",Otro,True
AutoZone Recruiter <noreply@invalidemail.com>,"ASSOCIATE SYSTEMS ENGINEER - IT QE-250001TY at AutoZone.com, Inc.",2025-04-17 15:48:50+00:00,"JOSUE ESCOBAR ESCOBAR: We have received your application for the position of ASSOCIATE SYSTEMS ENGINEER - IT QE-250001TY and are currently reviewing your experience and qualifications. If you would like to review your candidate file, click here. If your profile corresponds to our requirements, a member of our HR Department will contact you soon. We thank you for your interest. Best regards, Human Resources Department AutoZone.com, Inc. Replies to this message are undeliverable and will not reach",Otro,True
AutoZone Recruiter <noreply@invalidemail.com>,"Programmer - ALLDATA-2500012P at AutoZone.com, Inc.",2025-04-17 15:45:57+00:00,"JOSUE ESCOBAR ESCOBAR: We have received your application for the position of Programmer - ALLDATA-2500012P and are currently reviewing your experience and qualifications. If you would like to review your candidate file, click here. If your profile corresponds to our requirements, a member of our HR Department will contact you soon. We thank you for your interest. Best regards, Human Resources Department AutoZone.com, Inc. Replies to this message are undeliverable and will not reach the Human Res",Otro,True
AutoZone Recruiter <noreply@invalidemail.com>,"Programmer - ALLDATA-250001XL at AutoZone.com, Inc.",2025-04-17 15:42:08+00:00,"JOSUE ESCOBAR ESCOBAR: We have received your application for the position of Programmer - ALLDATA-250001XL and are currently reviewing your experience and qualifications. If you would like to review your candidate file, click here. If your profile corresponds to our requirements, a member of our HR Department will contact you soon. We thank you for your interest. Best regards, Human Resources Department AutoZone.com, Inc. Replies to this message are undeliverable and will not reach the Human Res",Otro,True
"Emerson Human Resources
 <hdjq.fa.sender@workflow.mail.us2.cloud.oracle.com>",New job opportunities at Emerson Career Site,2025-04-17 02:06:17+00:00,"<style> /* Client-specific Styles */ div.im {color: #ff00 !important;} #outlook a {padding:0;} /* Force Outlook to provide a &quot;view in browser&quot; menu link. */ body{width:100% !important; -webkit-text-size-adjust:100%; -ms-text-size-adjust:100%; margin:0; padding:0;} /* Prevent Webkit and Windows Mobile platforms from changing default font sizes, while not breaking desktop design. */ .ExternalClass {width:100%;} /* Force Hotmail to display emails at full width */ .ExternalClass, .External",Otro,True
Siemens Talent Acquisition <talentacquisition.hr@siemens.com>,"Thanks for your application, Josue",2025-04-17 00:16:02+00:00,"Hi Josue, Thank you for applying for our Low-Code Application Developer (456115) position. You‚Äôre now one step closer to joining the world‚Äôs smartest minds, who create a better tomorrow and transform the everyday in the fields of manufacturing, grids, buildings and transportation. We‚Äôll review your application and contact you to let you know what steps you can expect next. You can also follow the progress of your application in your Siemens account. [1] Track progress Until then, why not join th",Aplicaci√≥n recibida,True
Jabil@myworkday.com,Jabil - Thank You for Applying,2025-04-16 21:55:26+00:00,"<!doctype html><html lang=en xmlns=""http://www.w3.org/1999/xhtml"" xmlns:v=""urn:schemas-microsoft-com:vml"" xmlns:o=""urn:schemas-microsoft-com:office:office""><head><title></title><!--[if !mso]><!-- --><meta http-equiv=""X-UA-Compatible"" content=""IE=edge""><!--<![endif]--><meta http-equiv=""Content-Type"" content=""text/html; charset=UTF-8""><meta name=""viewport"" content=""width=device-width, initial-scale=1""><style type=""text/css""> #outlook a { padding:0; } body { margin:0;padding:0;-webkit-text-size-adj",Aplicaci√≥n recibida,True
=?utf-8?B?UG9zdHVsYWNpw7NuIHbDrWEgSW5kZWVk?= <indeedapply@indeed.com>,Postulaci√≥n en Indeed: T√©cnico en Inform√°tica,2025-04-16 21:17:33+00:00,"Tu postulaci√≥n ha sido enviada. ¬°Buena suerte! Si encuentras alg√∫n error en tu postulaci√≥n, por favor contacta con Indeed <https://apply.indeed.com/indeedapply/confirmemail/contactus?iaUid=1ip04oio7gnj8801&apiToken=aa102235a5ccb18bd3668c0e14aa3ea7e2503cfac2a7a9bf3d6549899e125af4> ------ Indeed - una b√∫squeda. todos los empleos. | Indeed Ireland Operations Limited, Block B, Capital Dock, 80 Sir John Rogerson's Quay, Grand Canal Dock, Dublin 2, D02 HE36, Ireland",Otro,True
LinkedIn <notifications-noreply@linkedin.com>,Tienes 2 mensajes nuevos,2025-04-15 22:05:55+00:00,Tienes 2 mensajes nuevos Ver mensajes:https://www.linkedin.com/comm/messaging/?lipi=urn%3Ali%3Apage%3Aemail_email_notification_digest_01%3BF2OKQb0ARECPbaYVHX%2B40Q%3D%3D&midToken=AQGiii_rdc7Yxw&midSig=0ioyh8KG_dJHI1&trk=eml-email_notification_digest_01-notification_card_MESSAGING-0-null&trkEmail=eml-email_notification_digest_01-notification_card_MESSAGING-0-null-null-fwwgqt~m9j1x709~r-null-null&eid=fwwgqt-m9j1x709-r&otpToken=MWIwMzFjZTIxNzJiYzljMGIxMjQwNGVkNDIxYWUwYjE4YmM5ZDU0NTkxYTk4ZDYxNzljMTA,Otro,True
AgileEngine Careers <careers@agileengine.net>,Thank you for your application!,2025-04-14 14:30:52+00:00,"<html><head> <meta content=""width=device-width"" name=""viewport""> <meta content=""text/html; charset=UTF-8"" http-equiv=""Content-Type""> <title> Thank you for your application! </title> </head> <body style=""margin: 0;padding: 0;font-family: 'Inter', Helvetica, Arial, sans-serif;font-size: 16px;line-height: 1.45;color: #333""> <div class=""content"" style=""background: #F8F8F8; color: #333; padding: 24px 0;""> <table cellpadding=""0"" cellspacing=""0"" style=""width: 100%;max-width: 500px; margin: 0 auto;""> <t",Otro,True
LinkedIn <jobalerts-noreply@linkedin.com>,"Josue Alfredo, ¬øquieres seguir recibiendo alertas de empleo en Chihuahua, Chihuahua, M?xico?",2025-04-14 00:05:44+00:00,"¬øQuieres seguir recibiendo alertas de empleo en Chihuahua, Chihuahua, M?xico? Parece que llevas m√°s de tres meses sin consultar esta alerta de empleo. En un par de semanas, la desactivaremos para que solo recibas los emails y notificaciones que te interesen. Av√≠sanos si prefieres conservarla. Seguir con la alerta activada:https://www.linkedin.com/comm/jobs/search?keywords=&distance=25&geoId=101989614&f_TPR=a1744495611-&sortBy=R&origin=JOB_ALERT_COOL_OFF_EMAIL&lipi=urn%3Ali%3Apage%3Aemail_email_j",Otro,True
no-reply-recruitment@deloitte.com,Thank you for applying to Deloitte,2025-04-12 22:10:55+00:00,"Hello Josu√© Escobar, Thank you for your interest in Deloitte! We will review your resume against the hiring criteria as soon as possible. If we see a potential match for this role or other similar roles at Deloitte Delivery Center, a member of the Talent Acquisition team will reach out to you for an initial phone call. Please continue to search our Career portal for other positions that might be of interest to you. Regards, Talent Acquisition Deloitte Click here to raise a request for the deleti",Aplicaci√≥n recibida,True
Victaulic Recruiting Team <notification@jobvite.com>,Your application for PLANNER at Victaulic,2025-04-12 21:48:27+00:00,"Dear Josue,Thank you for expressing interest in a career at Victaulic. We are in receipt of your application for the PLANNER. Please allow us time to review your qualifications. We will be in contact if we feel there is a good match.Sincerely,The Victaulic Recruiting Team-*_____ You can reply directly to this message or click here to reply via your Jobvite user account. Email Preferences | Powered by Jobvite *______*",Otro,True
FLORENCIA SANCHEZ <fico@myworkday.com>,Thank you for applying to FICO,2025-04-11 22:26:57+00:00,"Dear josue alfredo ESCOBAR polanco,Thank you for applying to the GDL - Software Engineer Intern position at FICO.We appreciate your interest in joining FICO and the time you invested in applying for this position. After careful consideration, we regret to inform you that we have decided to move forward with other candidates, taking in count the following requirements:- Mexican Nationality.- Graduated in 2025 (any month).- Available to be Full Time for 6 Months.We hope you will continue consideri",Aplicaci√≥n recibida,True
Flor Analy Valencia <invitations@linkedin.com>,Acabo de solicitarte contacto,2025-04-11 16:06:10+00:00,"Flor Analy, Sr. Recruiter de Victaulic est√° esperando tu respuesta Hola, Josue Alfredo. Me gustar√≠a formar parte de tu red profesional. Flor Analy Valencia Sr. Recruiter 1 contacto en com√∫n Ver todos los contactos en com√∫n:https://www.linkedin.com/comm/search/results/people/?facetNetwork=%5B%22F%22%5D&facetConnectionOf=%5B%22ADoAABOSHZABm0oj6jLbiT-pUffLGjf7MvcNLlw%22%5D&origin=SHARED_CONNECTIONS_CANNED_SEARCH&lipi=urn%3Ali%3Apage%3Aemail_email_m2m_invite_single_01%3B9c9FZd15SjqHqJJaBQTjmA%3D%3D&",Entrevista,True
Knowely <mailer@knowely.com>,ü•π Don‚Äôt let your coding career become a ‚Äúwhat if‚Äù,2025-04-11 13:20:03+00:00,We heard you and now it's here Õè Õè Õè Õè Õè Õè Õè Õè Õè Õè Õè Õè Õè Õè Õè Õè Õè Õè Õè Õè Õè Õè Õè Õè Õè Õè Õè Õè Õè Õè Õè Õè Õè Õè Õè Õè Õè Õè Õè Õè Õè Õè Õè Õè Õè Õè Õè Õè Õè Õè Õè Õè Õè Õè Õè Õè Õè Õè Õè Õè Õè Õè Õè Õè Õè Õè Õè Õè Õè Õè Õè Õè Õè Õè Õè Õè Õè Õè Õè Õè Õè Õè Õè Õè Õè Õè Õè Õè Õè Õè Õè Õè Õè Õè Õè Õè Õè Õè Õè Õè Õè Õè Õè Õè Õè Õè Õè Õè Õè Õè Õè Õè Õè Õè Õè Õè Õè Õè Õè Õè Õè Õè Õè Õè Õè Õè Õè Õè Õè Õè Õè Õè Õè Õè Õè Õè Õè Õè Õè Õè Õè Õè Õè Õè Õè Õè Õè Õè Õè Õè Õè Õè Õè Õè Õè Õè Õè Õè Õè Õè Õè Õè Õè Õè Õè Õè Õè Õè Õè Õè Õè Õè Õè Õè Õè Õè Õè Õè Õè Õè Õè Õè Õè Õè Õè Õè Õè Õè Õè Õè Õè Õè Õè Õè Õè Õè Õè Õè Õè Õè Õè Õè Õè Õè Õè Õè Õè Õè Õè Õè Õè Õè Õè Õè Õè Õè Õè Õè Õè Õè Õè Õè Õè Õè ¬≠ ¬≠ ¬≠ ¬≠ ¬≠ ¬≠ ¬≠ ¬≠ ¬≠ ¬≠ ¬≠,Otro,True
LinkedIn <updates-noreply@linkedin.com>,"Josue Alfredo, Dr. Amy Bardin-Spencer Ed.D, EMBA, MSc, RRT, FAARC, VA-BC tiene una nueva publicaci√≥n",2025-04-11 02:05:49+00:00,"Sugerencias para ti Dr. Amy Bardin-Spencer Ed.D, EMBA, MSc, RRT, FAARC, VA-BCha compartido una publicaci√≥n: Kindness is free ‚ô•Ô∏è RECOMENDACI√ìN ELOGIO EMPAT√çA 84, 3 comentarios M√°s informaci√≥n: https://www.linkedin.com/comm/feed/update/urn:li:activity:7307198499006124033?origin=NETWORK_CONVERSATIONS&lipi=urn%3Ali%3Apage%3Aemail_email_network_conversations_01%3B35noeA9yRASqLttwUPlpTw%3D%3D&midToken=AQGiii_rdc7Yxw&midSig=1MtUv26rGtCXI1&trk=eml-email_network_conversations_01-network~post~cta~text-0-r",Otro,True
Braintrust <donotreply@usebraintrust.com>,üîî,2025-04-10 18:23:39+00:00,"Braintrust Hey Josue, We wanted to keep you in the loop and make sure you never miss a beat on the topics that matter to you. Here are the latest updates from Career Help and your Spaces. Eduardo Galindo (https://u4683470.ct.sendgrid.net/ls/click?upn=u001.7fRMHT2F4lhm69-2BA8eu72C002BXCN0ux-2Boz6JG9z6gKy0GnaJFA46sETV5NN3eAlfDeiSQB9xRNFySlntrZ87Q-3D-3DCJY4_eYV5g1hqgcv4b3Alj-2F6l1kBYNwRT5CWHETmTIxek73qSgHu9k-2FJuht-2FLzdM0Tv0K5rCIdhoqOirME-2FOCsQYe6-2BCqedmvh13EH7PyKIMxi76MS74Nc2KYm8gbAw3z6HyraAg8Y",Otro,True
IBM Talent Acquisition <talent@ibm.com>,Your IBM Application Status,2025-04-10 17:13:05+00:00,"IBM Careers IBM Careers [1] Ref: 12714 - Software Test Engineer Dear josue escobar, We regret to inform you that after careful consideration, we have decided to pursue other candidates whose application more closely aligns with the specific requirements of the position. We appreciate the time and effort you invested in the application process. As per our company policies, your application will be kept active in our system for other IBM Recruiters to review for 12 months (or 6 months for resident",Otro,True
AgileEngine Careers <careers@agileengine-contact.com>,Thank you for your application!,2025-04-10 14:26:50+00:00,"<html><head> <meta content=""width=device-width"" name=""viewport""> <meta content=""text/html; charset=UTF-8"" http-equiv=""Content-Type""> <title> Thank you for your application! </title> </head> <body style=""margin: 0;padding: 0;font-family: 'Inter', Helvetica, Arial, sans-serif;font-size: 16px;line-height: 1.45;color: #333""> <div class=""content"" style=""background: #F8F8F8; color: #333; padding: 24px 0;""> <table cellpadding=""0"" cellspacing=""0"" style=""width: 100%;max-width: 500px; margin: 0 auto;""> <t",Otro,True
AgileEngine Careers <careers@agileengine-team.com>,Finish your job application on AgileEngine,2025-04-10 14:02:00+00:00,"<html><head> <meta content=""width=device-width"" name=""viewport""> <meta content=""text/html; charset=UTF-8"" http-equiv=""Content-Type""> <title> Finish your job application on AgileEngine </title> </head> <body style=""margin: 0;padding: 0;font-family: 'Inter', Helvetica, Arial, sans-serif;font-size: 16px;line-height: 1.45;color: #333""> <div class=""content"" style=""background: #F8F8F8; color: #333; padding: 24px 0;""> <table cellpadding=""0"" cellspacing=""0"" style=""width: 100%;max-width: 500px; margin: 0",Otro,True
no-reply@us.greenhouse-mail.io,Thank you For Your Application - Java Internship - Toshiba 2026,2025-04-09 20:27:03+00:00,"Hi Josue, We have received your application for the Java Internship - Toshiba 2026 position and would like to thank you for your interest. We appreciate you taking the time to apply and we are currently reviewing your experience and qualifications. Next Steps: Our recruitment team will carefully assess your qualifications for the position you applied to. If your education, skills, and experience match the requirements of the position, we will reach out to you to set up time to learn more about y",Otro,True
"Cognizant Talent Acquisition Group
 <TalentAcquisitionGroup@cognizant.com>",Java Developer Jr- Graduate -00063408571 at Cognizant,2025-04-09 20:25:18+00:00,"Hi JOSUE, Thank you for your interest in joining Cognizant and our mission to engineer a smarter, more connected world! This message is confirmation we successfully received your application for Java Developer Jr- Graduate -00063408571.We know how laborious a job search can be, and we are grateful you chose to put your time and effort into pursuing Cognizant. The next step is for one of our recruiters to review your application ‚Äì yes, a human really reads it! If we believe there's a match, the r",Otro,True
"""HRMS_Payroll@fico.com"" <fico@myworkday.com>",Thank You For Applying At FICO!,2025-04-09 17:59:28+00:00,"Thank you for applying to FICO. We appreciate your interest in our organization.We have received your application for the position of GDL - Software Engineer Intern and are currently reviewing your experience and qualifications. If your profile matches our requirements, a member of our Talent Acquisition Team will contact you. If you‚Äôre not a fit for this role, you may be considered for other current or future open positions.To learn more about FICO and our market-leading Analytics solutions, pl",Aplicaci√≥n recibida,True
"""HRMS_Payroll@fico.com"" <fico@myworkday.com>",Verify your candidate account,2025-04-09 17:56:33+00:00,Thank you for registering on the FICO career site.Click this link to confirm your email address and complete setup for your candidate accounthttps://fico.wd1.myworkdayjobs.com/External/activate/1w71mz173qkn6xp9ukpwgeogbsyb6fvhf2g9n1fylpj9s7ycwme04nqwm6w0uh6nvnd8f9jt7nghbme3i5j1rgknklfy1wdnopk/?redirect=%2Fen-US%2FExternal%2Fjob%2FGuadalajara%252C-Mexico%2FGDL---Software-Engineer-Intern_30371%2Fapply%2FautofillWithResume%3Fsource%3DLinkedInThe link will expire after 24 hours. This email was inten,Otro,True
notify@dayforce.com,"Your Interest in the (MEX) Software Developer Intern - 4 months -
 Summer 2025 Role at Dayforce",2025-04-09 17:55:40+00:00,"<!DOCTYPE html PUBLIC ""-//W3C//DTD XHTML 1.0 Transitional//EN"" ""http://www.w3.org/TR/xhtml1/DTD/xhtml1-transitional.dtd""> <html lang=""en"" xmlns=""http://www.w3.org/1999/xhtml"" xmlns:v=""urn:schemas-microsoft-com:vml"" xmlns:o=""urn:schemas-microsoft-com:office:office""> <!-- Copyright (C) 2019 Perkuto Solutions Inc - All Rights Reserved. You may use and modify this code under the terms of the Perkuto Template license available here: http://perkuto.com/terms-and-conditions --> <head> <meta name=""robot",Otro,True
"""Workday @ Intel Notification"" <intel@myworkday.com>",Thank You for Applying for a Job at Intel,2025-04-09 17:50:08+00:00,"Dear JOSUE ALFREDO ,Thank you very much for taking the time to apply for the following position at Intel: Position: Software Intern Job Number: JR0274125 Application Date: 2025 Apr 09 We really appreciate your interest and wanted to let you know that we have received your application.There is strong competition for jobs at Intel, and we receive many applications. As a result, it may take some time to get back to you.As you progress through your job search journey, interviews are an important ste",Entrevista,True
"""Sparq Holdings, Inc."" <no-reply@ats.rippling.com>",Thank you for applying to Sparq,2025-04-09 17:43:13+00:00,"Hi Josue , Thank you for applying to Sparq! We have received your application and will review it promptly. If we think there is a good fit, we will contact you at this email address. **Position:** Full Stack Developer Thank you, Sparq TA Team Please do not reply to this email. It is sent from an unmonitored inbox and replies will not be read.",Aplicaci√≥n recibida,True
AgileEngine Careers <careers@agileengine-solutions.com>,Proceed with your AgileEngine job application,2025-04-09 17:38:32+00:00,"<html><head> <meta content=""width=device-width"" name=""viewport""> <meta content=""text/html; charset=UTF-8"" http-equiv=""Content-Type""> <title> Proceed with your AgileEngine job application </title> </head> <body style=""margin: 0;padding: 0;font-family: 'Inter', Helvetica, Arial, sans-serif;font-size: 16px;line-height: 1.45;color: #333""> <div class=""content"" style=""background: #F8F8F8; color: #333; padding: 24px 0;""> <table cellpadding=""0"" cellspacing=""0"" style=""width: 100%;max-width: 500px; margin",Otro,True
Workable <noreply@candidates.workablemail.com>,Thanks for applying to testRigor,2025-04-09 17:36:28+00:00,"testRigor ------------------------------------------------------------------------------- Your application for the Full Stack Engineering Intern job was submitted successfully. Here's a copy of your application data for safekeeping. ------------------------------------------------------------------------------- ** PERSONAL INFORMATION ** Name: Josue Alfredo Escobar Polanco Email: josuee152@gmail.com Phone: +526142773926 ** PROFILE ** Resume: resume.pdf ** DETAILS ** Cover letter Hello, I am very",Otro,True
GitHub <noreply@github.com>,"[GitHub] A first-party GitHub OAuth application has been added to
 your account",2025-04-09 16:07:37+00:00,"Hey sue-btis! A first-party GitHub OAuth application (Git Credential Manager) with gist, repo, and workflow scopes was recently authorized to access your account. Visit https://github.com/settings/connections/applications/0120e057bd645470c1ed for more information. To see this and other security events for your account, visit https://github.com/settings/security-log If you run into problems, please contact support by visiting https://github.com/contact Thanks, The GitHub Team",Otro,True
The EmailJS Crew <support@emailjs.com>,Verify Email,2025-04-09 00:16:14+00:00,"EmailJS [https://emailjs.com] Hi josue, Thank you for signing up on EmailJS! We're excited to have you on board and will be happy to help you set everything up. Please click the link below to verify your email address: josuee152@gmail.com Verify email [https://dashboard.emailjs.com/confirm-email/OTA2MTY5/ZqCUJdHqkM] This link will expire in 48 hours. If you're having trouble clicking the button, copy and paste the URL below into your browser: https://dashboard.emailjs.com/confirm-email/OTA2MTY5/",Otro,True
AutoZone Recruiter <noreply@invalidemail.com>,"Profile submitted to AutoZone.com, Inc.",2025-04-07 20:32:25+00:00,"JOSUE ESCOBAR ESCOBAR: We have received the profile you submitted to our company. We thank you for your interest and would like to advise you that you may now be informed by email of job openings that match your profile and fields of interest. You can also consult our current job opportunities and easily apply online through our corporate Web site. If you would like to review your candidate file, click here. If your profile corresponds to our requirements, a member of our HR Department will cont",Otro,True
LinkedIn <messages-noreply@linkedin.com>,"Josue Alfredo, ¬°est√°s triunfando en LinkedIn!",2025-04-06 00:05:44+00:00,"Ahora sigue estos pasos para llegar a√∫n m√°s lejos Te enviaremos actualizaciones de LinkedIn, novedades de tu red, mensajes de t√©cnicos de selecci√≥n y mensajes promocionales. Puedes cambiar tus preferencias en cualquier momento. Descubre oportunidades laborales destacadas En funci√≥n de tu actividad de empleo Desarrollador Java Junior - Trabajo Remoto BairesDev M√©xicoMira a qui√©n ha contratado BairesDev para este puesto: https://www.linkedin.com/comm/search/results/people/?facetCurrentCompany=7986",Otro,True
Valentina Ancieta <vancieta@4geeksacademy.com>,Impulsa tu carrera con 20% de descuento en tu LinkedIn y CV üî•,2025-04-05 12:01:33+00:00,"Hola Josue Escobar, Te escribe Valentina Ancieta de 4Geeks Academy. Si este correo lleg√≥ a ti, es porque en alg√∫n momento mostraste inter√©s en unirte a 4Geeks‚Ä¶ y eso nos dice que buscabas un giro en tu carrera. Hoy queremos ayudarte a dar ese siguiente paso. Por eso, te estamos ofreciendo un **20% de descuento** en nuestros servicios de optimizaci√≥n de **LinkedIn y CV**de Beyond The Resume, nuestro departamento de apoyo profesional externo. Nos encargamos de adaptar tus perfiles para que destaqu",Otro,True
System System <system@successfactors.com>,BIENVENIDO AL SITIO DE CARRERA PROFESIONAL,2025-04-04 23:04:43+00:00,"<p style=""margin-left:40.0px""><img src=https://hcm19.sapsf.com/companyLogoServlet/?companyId=internacio&amp;mod=1685979793470 alt='Company Logo' style='background-color:#fff;' />&nbsp;</p> <p style=""margin-left:40.0px"">Estimado,&nbsp;Josue<img src=""data:image/png;base64,iVBORw0KGgoAAAANSUhEUgAAAAEAAAABAQMAAAAl21bKAAAABlBMVEX///8AAABVwtN+AAAAAXRSTlMAQObYZgAAAAFiS0dEAf8CLd4AAAAEZ0lGZwAAAAp8We1TAAAADGNtUFBKQ21wMDcxMgAAAAdPbbelAAAACklEQVQY02NgAAAAAgABmGNs1wAAAABJRU5ErkJggg=="" />&nbsp;</p> <p style=""",Otro,True
